,ERR188044,ERR188104,ERR188234,ERR188245,ERR188257,ERR188273,ERR188337,ERR188383,ERR188401,ERR188428,ERR188454,ERR204916
NM_000032,0,0,0,0,0,0,0,0,0,0,0,0
NM_000033,220,90,161,229,190,91,295,141,226,104,166,143
NM_000044,1,0,0,0,0,0,0,0,0,0,0,0
NM_000047,0,0,0,0,0,0,0,0,0,0,0,0
NM_000052,26,25,11,2,5,9,4,5,16,6,12,20
NM_000054,0,0,0,0,0,0,0,0,0,0,0,0
NM_000061,0,0,0,0,0,0,0,0,0,0,0,0
NM_000074,0,0,1,1,0,2,1,0,2,1,0,0
NM_000084,0,0,0,0,0,0,0,0,2,0,0,0
NM_000109,0,0,0,0,0,0,0,0,0,0,0,0
NM_000116,0,0,0,0,0,0,0,0,0,0,0,0
NM_000117,1400,1228,1329,1589,1474,581,1897,1432,1851,719,1216,1521
NM_000132,10,5,9,4,11,11,21,8,26,13,1,3
NM_000133,0,0,0,0,0,0,0,0,0,0,0,0
NM_000166,0,0,0,0,0,0,0,0,0,0,0,0
NM_000167,0,0,0,0,0,0,0,0,0,0,0,0
NM_000169,607,528,818,429,445,373,437,524,592,344,684,416
NM_000194,2242,3578,2842,2115,2534,1010,2878,3164,4121,2044,2433,2910
NM_000202,0,0,0,0,0,0,0,0,0,0,0,0
NM_000206,9575,8671,9158,6496,5626,4389,7058,6047,8730,4545,7704,7969
NM_000216,12,3,4,4,10,0,1,10,12,21,2,0
NM_000240,0,0,0,0,0,0,0,0,0,0,0,0
NM_000252,299,177,280,107,187,150,236,260,156,178,159,136
NM_000266,0,0,0,0,0,0,0,0,0,0,0,0
NM_000273,2,0,0,0,0,0,1,1,0,1,0,0
NM_000276,1,1,0,0,0,0,1,0,0,0,1,1
NM_000284,0,0,0,0,0,0,0,0,0,0,0,0
NM_000291,59341,73241,52201,30801,23428,22913,31708,48576,36485,39564,39199,60636
NM_000292,840,835,1073,434,506,404,894,550,849,499,639,729
NM_000307,0,0,0,0,0,0,0,0,1,0,0,0
NM_000328,47,113,65,52,92,29,129,71,110,67,110,66
NM_000330,0,0,1,1,1,1,0,0,1,0,2,5
NM_000351,933,1727,1871,453,703,688,1957,725,582,1173,915,1527
NM_000354,0,0,0,0,0,0,0,0,0,0,0,0
NM_000377,3053,2385,3844,2100,2299,1498,3137,1610,2688,1812,2323,2283
NM_000381,0,0,0,0,0,0,0,0,0,0,0,0
NM_000390,621,696,657,325,410,295,619,555,704,446,512,826
NM_000397,3712,3444,4868,1423,3186,1847,4019,2607,3732,2452,2607,2431
NM_000402,0,0,0,0,0,0,3,2,0,0,1,1
NM_000425,0,0,0,0,0,0,0,0,0,0,0,0
NM_000444,0,0,0,0,0,0,0,0,0,0,0,0
NM_000451,0,0,0,0,0,0,0,0,0,0,0,0
NM_000475,0,1,0,0,1,0,0,1,0,0,0,0
NM_000489,1,0,0,1,0,0,1,0,0,1,0,0
NM_000495,0,0,0,0,0,0,0,0,0,0,0,0
NM_000513,0,0,0,0,0,0,0,0,0,0,0,0
NM_000531,0,0,1,0,0,0,0,0,0,0,0,0
NM_000533,0,0,0,0,0,0,0,0,0,0,0,0
NM_000555,0,0,0,0,0,0,0,0,0,0,0,0
NM_000640,0,0,0,0,0,0,0,0,0,0,0,0
NM_000686,6,6,10,0,3,1,0,1,1,2,53,1
NM_000808,0,0,0,0,0,0,0,0,0,0,0,0
NM_000828,0,0,0,0,0,0,0,0,0,0,0,0
NM_000868,0,0,0,0,0,0,0,0,0,0,0,0
NM_000898,0,0,1,0,0,0,0,0,0,0,0,0
NM_000950,0,0,0,0,0,0,0,0,0,0,0,0
NM_001000,5981,6159,8707,5440,5279,4061,4073,6360,7238,4737,5578,6366
NM_001001344,0,0,0,0,0,0,0,0,0,0,0,0
NM_001001671,11,14,18,8,8,4,9,9,5,7,13,12
NM_001001888,0,0,0,1,0,0,1,0,0,0,0,0
NM_001001994,1,0,0,0,1,0,0,0,0,0,0,0
NM_001001995,30,33,17,14,29,8,71,19,48,21,15,17
NM_001001996,0,0,0,0,0,0,0,0,0,0,0,0
NM_001002254,1,0,0,0,0,0,0,0,0,0,0,0
NM_001002838,0,0,0,0,0,0,0,0,0,0,0,0
NM_001002916,0,1,0,0,2,0,0,0,0,0,0,0
NM_001003811,0,0,0,0,0,0,0,0,0,0,0,0
NM_001004051,0,0,0,0,0,0,0,0,0,0,0,0
NM_001004308,0,0,0,0,1,0,0,0,0,0,0,1
NM_001004486,0,0,0,0,0,0,0,0,0,0,0,0
NM_001005332,4,3,2,1,2,2,0,2,5,1,0,0
NM_001005333,1,1,1,1,0,0,0,0,1,0,1,0
NM_001005609,0,0,0,0,0,0,0,0,0,0,0,0
NM_001005610,0,0,0,0,0,0,0,0,0,0,0,0
NM_001005612,0,0,0,0,0,0,0,0,0,0,0,0
NM_001005613,0,0,0,0,0,0,0,0,0,0,0,0
NM_001006612,0,0,0,0,0,0,0,0,0,0,0,0
NM_001006613,0,0,0,0,0,0,0,0,0,0,0,0
NM_001006614,0,0,0,0,0,0,0,0,0,0,0,0
NM_001006639,0,0,0,0,0,0,0,0,0,0,0,0
NM_001006640,0,0,0,1,0,0,0,0,2,1,0,1
NM_001006681,0,0,0,0,0,0,0,0,0,0,0,0
NM_001006682,0,0,0,0,0,0,0,0,0,0,0,0
NM_001006683,0,0,0,0,0,0,0,0,0,0,0,0
NM_001006684,0,0,0,0,0,0,0,0,0,0,0,0
NM_001006933,0,0,0,0,0,0,0,0,0,0,0,0
NM_001006935,0,0,0,0,0,0,0,0,0,0,0,0
NM_001006937,0,0,0,0,0,0,0,0,0,0,0,0
NM_001006938,0,1,0,0,1,0,0,1,0,0,0,1
NM_001007,41571,39993,95827,57942,28347,30480,53694,38217,40232,42640,37465,60332
NM_001007088,0,0,0,0,0,0,0,0,0,0,0,0
NM_001007523,0,0,0,0,0,0,0,0,0,0,0,0
NM_001007524,0,0,0,0,0,0,0,0,0,0,0,0
NM_001007551,0,0,0,0,0,0,0,0,0,0,0,0
NM_001008222,0,0,0,0,0,0,0,0,0,0,0,0
NM_001008534,0,0,0,0,0,0,0,0,0,0,0,0
NM_001008535,0,0,0,0,0,0,0,0,0,0,0,0
NM_001008537,331,113,259,34,89,223,149,137,166,90,67,74
NM_001009584,0,0,0,0,0,0,0,0,0,0,0,0
NM_001009609,0,0,0,0,0,0,0,0,0,0,0,0
NM_001009613,0,0,0,0,0,0,0,0,0,0,0,0
NM_001009614,0,0,0,0,0,0,0,0,0,0,0,0
NM_001009615,0,0,0,0,0,0,0,0,0,0,0,0
NM_001009616,0,0,0,0,0,0,0,0,0,0,0,0
NM_001009932,15,13,8,8,6,7,9,9,11,7,19,5
NM_001009933,0,0,0,0,0,0,0,0,0,0,0,0
NM_001009934,0,0,0,0,0,0,0,0,0,0,0,0
NM_001010862,281,365,322,211,222,113,430,203,503,182,295,190
NM_001010888,30,48,29,21,27,10,34,27,57,22,25,34
NM_001010986,0,0,0,0,0,0,0,0,0,0,0,0
NM_001011543,0,0,0,0,0,0,0,0,0,0,0,0
NM_001011544,0,0,0,0,0,0,0,0,0,0,0,0
NM_001011548,0,0,0,0,0,0,0,0,0,0,0,0
NM_001011549,0,0,0,0,0,0,0,0,0,0,0,0
NM_001011550,0,0,0,0,0,0,0,0,0,0,0,0
NM_001011551,0,0,0,0,0,0,0,0,0,0,0,0
NM_001011645,0,0,0,0,0,0,0,0,0,0,0,0
NM_001011657,0,0,0,0,0,0,0,0,0,0,0,0
NM_001011658,0,0,0,0,0,0,0,0,0,0,0,0
NM_001011719,0,0,0,0,0,0,0,0,0,1,0,0
NM_001012288,0,0,0,0,0,0,0,0,0,0,0,0
NM_001012428,0,0,0,0,0,0,0,0,0,0,0,0
NM_001012755,227,158,257,92,185,56,368,168,348,159,124,115
NM_001012968,485,618,588,307,413,234,672,402,502,356,424,536
NM_001012977,0,0,0,0,0,0,0,0,0,0,0,0
NM_001012978,0,0,0,0,0,0,0,0,0,0,0,0
NM_001012979,0,0,0,0,0,0,0,0,0,0,1,1
NM_001012980,1,1,0,0,0,0,0,1,0,0,0,0
NM_001012989,0,0,0,0,0,0,0,0,0,0,0,0
NM_001013403,0,0,0,0,0,0,0,0,0,0,0,0
NM_001013435,0,0,0,0,0,0,0,0,0,0,0,0
NM_001013579,0,0,1,0,1,1,1,0,0,1,0,0
NM_001013627,11,1,5,0,9,2,2,4,8,13,3,15
NM_001013628,0,0,0,0,0,1,0,0,0,0,0,2
NM_001013736,0,0,0,0,0,0,0,0,0,0,0,0
NM_001013742,0,0,0,0,0,0,0,0,0,0,0,0
NM_001013845,635,575,654,490,495,164,535,490,862,341,317,547
NM_001015038,1,1,1,0,0,0,0,0,0,1,0,1
NM_001015877,0,0,0,0,0,0,0,0,0,0,0,0
NM_001015881,1,1,2,2,2,3,4,2,4,2,6,4
NM_001017417,0,0,3,0,0,0,0,0,0,0,0,0
NM_001017435,0,0,0,0,0,0,0,0,0,0,0,0
NM_001017436,0,0,0,0,0,0,0,0,0,0,0,0
NM_001017438,0,0,0,0,0,0,0,0,0,0,0,0
NM_001017930,0,0,0,0,0,0,0,0,0,0,0,0
NM_001017931,0,0,0,0,0,0,0,0,0,0,0,0
NM_001017978,0,0,0,0,0,0,0,0,0,0,0,0
NM_001017980,1262,1985,1604,1244,1678,706,2228,1486,2095,1124,1263,1320
NM_001017990,0,0,0,0,0,0,0,0,0,0,0,0
NM_001017991,0,0,0,0,0,0,0,0,0,0,0,0
NM_001018024,297,358,476,232,351,188,346,418,455,238,284,357
NM_001018025,23,28,31,11,15,31,37,18,50,12,49,26
NM_001018055,0,0,0,0,0,0,0,0,0,0,0,0
NM_001018109,0,0,0,0,0,0,0,0,0,0,0,0
NM_001018113,0,2,2,0,1,1,1,0,2,0,0,0
NM_001024452,0,0,0,0,0,0,0,0,0,0,0,0
NM_001024455,55,9,51,8,27,3,30,23,39,33,20,34
NM_001024666,0,4,2,0,1,0,4,2,1,1,1,0
NM_001025242,0,0,0,0,0,0,0,0,0,0,0,0
NM_001025243,0,0,0,0,0,0,0,0,0,0,0,0
NM_001025265,0,1,1,2,0,0,3,0,1,0,0,0
NM_001025580,0,0,0,0,0,0,0,0,0,0,0,0
NM_001029891,5095,5157,4656,2032,2093,2630,2544,3360,4286,2355,3463,5234
NM_001029896,2,0,1,1,1,0,3,3,5,0,5,5
NM_001031705,0,0,0,0,0,0,0,0,0,0,0,0
NM_001031739,0,0,0,0,0,0,0,0,0,0,0,0
NM_001031745,0,0,0,0,0,0,0,0,0,0,0,0
NM_001031834,0,1,1,2,2,2,3,2,4,0,3,1
NM_001031855,0,0,0,0,0,0,0,0,0,0,0,0
NM_001032289,0,0,0,0,0,0,0,0,0,0,0,0
NM_001032381,0,0,0,0,0,0,0,0,0,0,0,0
NM_001032382,0,0,0,0,0,0,0,0,0,0,0,0
NM_001032383,0,0,0,0,0,0,0,0,0,0,0,0
NM_001032384,0,0,0,0,0,0,0,0,0,0,0,0
NM_001032393,0,0,0,0,0,0,0,0,0,0,0,0
NM_001032396,0,0,0,0,0,0,0,0,0,0,0,0
NM_001032726,3,4,6,2,2,2,6,3,4,2,5,0
NM_001033583,0,0,0,0,0,0,0,0,0,0,0,0
NM_001034832,0,0,0,0,0,0,0,0,0,0,0,0
NM_001034853,6,2,2,1,4,4,11,3,9,1,5,2
NM_001037171,0,0,0,0,0,1,3,0,0,0,0,0
NM_001037343,0,0,0,0,0,0,0,0,0,0,0,0
NM_001037535,0,0,0,0,0,0,0,0,0,0,0,0
NM_001037536,0,0,0,0,0,0,0,0,0,0,0,0
NM_001037540,6,9,10,4,4,0,12,2,18,3,0,4
NM_001037735,0,0,0,0,0,0,1,0,0,0,1,0
NM_001037811,0,0,0,0,0,0,0,0,0,0,0,0
NM_001037967,0,0,0,0,0,0,0,0,0,0,0,0
NM_001037968,1,1,0,0,0,0,0,0,0,0,0,0
NM_001039091,0,0,0,0,0,0,0,0,0,0,0,0
NM_001039210,0,0,0,0,0,0,0,0,0,0,0,0
NM_001039582,0,0,0,0,0,0,0,0,0,0,0,0
NM_001039590,0,0,1,2,0,0,0,0,0,0,0,0
NM_001039591,0,0,0,0,0,0,0,0,0,0,0,0
NM_001039705,0,0,0,0,0,0,0,0,0,0,0,0
NM_001039840,2,2,2,0,0,0,0,0,0,0,1,0
NM_001039891,0,0,1,0,0,1,0,0,0,0,0,0
NM_001040612,0,0,0,0,0,0,0,0,0,0,0,0
NM_001040663,0,0,0,0,0,0,0,0,0,0,0,0
NM_001042351,0,0,0,0,0,0,0,0,0,0,0,0
NM_001042452,0,0,0,0,0,0,0,0,0,0,0,0
NM_001042453,0,0,0,0,0,0,0,0,0,0,0,0
NM_001042479,0,0,0,0,0,0,0,0,0,0,0,0
NM_001042480,0,0,0,0,0,0,0,0,0,0,0,0
NM_001042498,0,0,0,0,0,0,0,0,0,0,0,0
NM_001042506,0,0,0,0,0,0,0,0,0,0,0,0
NM_001042537,0,0,0,0,0,0,0,0,0,0,0,0
NM_001042749,31,26,11,7,10,13,18,12,15,15,15,17
NM_001042750,0,0,0,0,0,0,0,0,0,0,0,0
NM_001042751,0,0,0,0,0,0,0,0,0,0,0,0
NM_001048164,0,0,0,0,0,0,0,0,0,0,0,0
NM_001048181,0,0,0,0,0,0,0,0,0,0,0,0
NM_001077188,0,0,0,0,0,0,0,0,0,0,0,0
NM_001077445,0,0,0,0,0,0,0,0,0,0,0,0
NM_001078171,613,393,472,439,600,207,534,370,696,300,421,462
NM_001078172,17,24,18,37,35,9,46,27,44,13,30,41
NM_001078173,3,9,0,11,8,2,1,6,20,3,2,33
NM_001079855,0,0,0,0,0,0,0,0,0,0,0,0
NM_001079858,0,0,0,0,0,0,0,0,0,0,0,0
NM_001079859,0,0,0,0,0,0,0,0,0,0,0,0
NM_001079860,0,0,0,0,0,0,0,0,0,0,0,0
NM_001079872,71,50,50,14,26,26,67,16,43,33,29,42
NM_001079900,0,0,0,0,0,0,0,0,0,0,0,0
NM_001080137,0,0,0,0,0,0,0,0,0,0,0,0
NM_001080138,0,0,0,0,0,0,0,0,0,0,0,0
NM_001080139,0,0,0,0,0,0,0,0,0,0,0,0
NM_001080140,0,0,0,0,0,0,0,0,0,0,0,0
NM_001080141,0,0,0,0,0,0,0,0,0,0,0,0
NM_001080142,0,0,0,0,0,0,0,0,0,0,0,0
NM_001080143,0,0,0,0,0,0,0,0,0,0,0,0
NM_001080144,0,0,0,0,0,0,0,0,0,0,0,0
NM_001080145,0,0,0,0,0,0,0,0,0,0,0,0
NM_001080146,0,0,0,0,0,0,0,0,0,0,0,0
NM_001080425,1,2,0,1,0,0,0,1,0,0,0,0
NM_001080485,1388,1751,1858,741,991,642,1306,1177,1021,752,1368,1432
NM_001080489,0,0,0,0,0,0,0,0,0,0,0,0
NM_001080790,0,0,0,0,0,0,0,0,0,0,0,0
NM_001080851,0,0,0,0,0,0,0,0,0,0,0,0
NM_001080975,0,0,0,0,0,0,0,0,0,0,0,0
NM_001081550,3126,3944,2088,1226,2337,1162,3426,2542,2903,1992,2514,2507
NM_001081573,0,0,0,0,0,0,0,0,0,0,0,0
NM_001085354,0,0,0,0,0,0,0,0,0,0,0,0
NM_001097579,0,0,0,0,0,0,0,0,0,0,0,0
NM_001097594,0,0,0,0,0,0,0,0,0,0,0,0
NM_001097596,0,0,0,0,0,0,0,0,0,0,0,0
NM_001097604,0,0,0,0,0,0,0,0,0,0,0,0
NM_001097605,0,0,0,0,0,0,0,0,0,0,0,0
NM_001097642,0,0,0,0,0,0,0,0,0,0,0,0
NM_001098405,0,0,0,0,0,0,0,0,0,0,0,0
NM_001098406,0,0,0,0,0,0,0,0,0,0,0,0
NM_001098407,0,0,0,0,0,0,0,0,0,0,0,0
NM_001098408,0,0,0,0,0,0,0,0,0,0,0,0
NM_001098409,0,0,0,0,0,0,0,0,0,0,0,0
NM_001098410,0,0,0,0,0,0,0,0,0,0,0,0
NM_001098411,0,0,0,0,0,0,0,0,0,0,0,0
NM_001098412,0,0,0,0,0,0,0,0,0,0,0,0
NM_001098413,1,0,0,0,0,0,0,0,0,0,0,0
NM_001098418,0,0,0,0,0,0,0,0,0,0,0,0
NM_001098624,0,0,0,0,0,0,0,0,0,0,0,0
NM_001098790,0,0,0,0,0,0,0,0,0,0,0,0
NM_001098791,0,0,0,0,0,0,0,0,0,0,0,0
NM_001098800,0,0,0,0,0,0,0,0,0,0,0,0
NM_001099410,0,0,0,0,0,0,0,0,0,0,0,0
NM_001099411,0,0,0,0,0,0,0,0,0,0,0,0
NM_001099681,0,0,0,0,0,0,0,0,0,0,0,0
NM_001099682,0,0,0,0,0,0,0,0,0,0,0,0
NM_001099684,0,0,0,0,0,0,0,0,0,0,0,0
NM_001099685,0,0,0,0,0,0,0,0,0,0,0,0
NM_001099686,0,0,0,0,0,0,0,0,0,0,0,0
NM_001099855,0,0,0,0,0,0,0,0,0,0,0,0
NM_001099856,0,0,0,1,0,0,0,1,1,0,0,1
NM_001099857,0,0,0,0,0,0,0,0,0,0,0,0
NM_001099921,0,0,0,0,0,0,0,0,0,0,0,0
NM_001099922,0,0,0,0,0,0,0,0,0,0,0,0
NM_001100431,0,0,0,0,0,0,0,0,0,0,0,0
NM_001101357,0,0,0,0,0,0,0,0,0,0,0,0
NM_001102576,0,0,0,0,0,0,0,0,0,0,0,0
NM_001103150,0,0,0,0,0,0,0,0,0,0,0,0
NM_001103151,0,0,0,0,0,0,0,0,0,0,0,0
NM_001104544,0,0,0,0,0,0,0,0,0,0,0,0
NM_001104545,0,0,0,0,0,0,0,0,0,0,0,0
NM_001105243,0,0,0,0,0,0,0,0,0,0,0,0
NM_001105576,59,56,120,81,21,39,30,55,27,40,65,101
NM_001109878,0,0,0,0,0,0,0,0,0,0,0,0
NM_001109879,0,0,0,0,0,0,0,0,0,0,0,0
NM_001110556,1,2,1,1,0,2,4,0,8,0,2,1
NM_001110792,0,0,0,0,0,0,0,0,0,0,0,0
NM_001111125,0,0,0,1,0,0,0,0,1,0,0,0
NM_001113490,78,32,42,0,4,18,25,27,3,2,22,39
NM_001114123,0,0,0,0,0,0,0,0,0,0,0,0
NM_001114377,0,0,0,0,0,0,0,0,0,0,0,0
NM_001114937,0,0,0,0,0,0,0,0,0,0,0,0
NM_001118885,0,0,0,0,0,0,0,0,0,0,0,0
NM_001118886,0,0,0,0,0,0,0,0,0,0,0,0
NM_001122606,0,0,0,0,0,0,0,0,0,0,0,0
NM_001122608,0,0,0,0,0,0,0,0,0,0,0,0
NM_001122670,0,0,0,0,0,0,0,0,0,0,0,0
NM_001122716,0,0,1,0,0,0,1,0,0,1,0,0
NM_001122898,0,0,0,0,0,0,0,0,0,0,0,0
NM_001123383,0,0,0,0,0,0,0,0,0,0,0,0
NM_001123384,0,0,0,0,0,0,0,0,0,0,0,0
NM_001123385,1,0,0,0,0,0,0,0,0,0,0,1
NM_001126054,0,0,0,0,0,0,0,0,0,0,0,0
NM_001126055,0,0,0,0,0,0,0,0,0,0,0,0
NM_001127197,1,0,0,2,5,0,5,2,6,0,0,8
NM_001127199,0,0,0,0,0,0,0,0,0,0,0,0
NM_001127200,0,0,0,0,0,0,0,0,0,0,0,0
NM_001127212,0,0,0,0,0,0,0,0,0,0,0,0
NM_001127345,0,0,0,0,0,0,0,0,0,0,0,0
NM_001127688,0,0,0,0,0,0,0,0,0,0,0,0
NM_001127898,0,0,0,0,0,0,0,0,0,0,0,0
NM_001127899,0,0,0,0,0,0,0,0,0,0,1,0
NM_001128127,0,0,0,0,0,0,0,0,0,0,0,0
NM_001128166,0,0,0,0,0,0,0,0,0,0,0,0
NM_001128167,0,0,0,0,0,0,0,0,0,0,0,0
NM_001128168,0,0,0,0,0,0,0,0,0,0,0,0
NM_001128172,0,0,0,0,0,0,0,0,0,0,0,0
NM_001128173,0,0,0,0,0,0,0,0,0,0,0,0
NM_001128834,1,1,0,0,0,0,1,0,0,0,0,1
NM_001128835,0,0,0,0,0,0,0,0,0,0,0,0
NM_001129765,1,0,0,0,0,0,0,0,0,0,0,0
NM_001129826,0,0,0,0,0,0,0,0,0,0,0,0
NM_001129828,0,0,0,0,0,0,0,0,0,0,0,0
NM_001129896,0,0,0,0,0,0,0,0,0,0,0,0
NM_001129898,0,0,0,0,0,0,0,0,0,0,0,0
NM_001129899,0,0,0,0,0,0,0,0,0,0,0,0
NM_001129900,0,0,0,0,0,0,0,0,0,0,0,0
NM_001130846,2,2,1,2,1,1,0,0,2,0,1,2
NM_001130847,0,0,0,0,0,0,0,0,0,0,0,0
NM_001130860,0,0,0,0,0,0,0,0,0,0,0,0
NM_001130997,0,0,0,0,0,0,0,0,0,0,0,0
NM_001134321,0,0,0,0,0,0,0,0,0,0,0,0
NM_001135565,0,1,0,1,0,0,1,0,0,0,0,0
NM_001135740,0,0,0,0,0,0,0,0,0,0,0,0
NM_001135995,0,0,0,0,0,0,0,0,0,0,0,1
NM_001135998,0,0,0,0,0,0,0,0,0,0,0,0
NM_001136024,0,0,0,0,0,0,0,0,0,0,0,0
NM_001136025,0,0,0,0,0,0,0,0,0,0,0,0
NM_001136157,0,0,0,0,0,0,0,0,0,0,0,0
NM_001136158,0,0,0,0,0,0,0,0,0,0,0,0
NM_001136159,61,33,61,21,29,21,29,34,24,25,44,26
NM_001136233,0,0,0,0,0,0,0,0,0,0,0,0
NM_001136234,0,0,0,0,0,0,0,0,0,0,0,0
NM_001136273,12,17,16,7,19,2,28,23,11,19,21,16
NM_001136533,0,0,0,0,0,0,0,0,0,0,0,0
NM_001137554,3,1,5,0,0,1,1,4,3,2,4,1
NM_001139441,0,0,0,0,0,0,0,0,0,0,0,0
NM_001139457,9,1,9,15,17,2,19,18,26,3,26,9
NM_001139466,0,0,0,0,0,0,0,0,0,0,0,0
NM_001139467,0,0,0,0,0,0,0,0,0,0,0,0
NM_001139468,0,1,0,0,1,0,0,0,0,0,0,0
NM_001139498,0,0,0,0,0,0,0,0,0,0,0,0
NM_001139500,0,0,0,0,0,0,0,0,0,0,0,0
NM_001139501,0,0,0,0,0,0,0,0,0,0,0,1
NM_001139502,0,0,0,0,0,0,0,0,0,0,0,0
NM_001139514,0,0,0,0,0,0,0,0,0,0,0,0
NM_001139515,0,0,0,0,0,0,0,0,0,0,0,0
NM_001141919,0,0,0,0,0,0,0,0,0,0,0,0
NM_001141920,0,0,0,0,0,0,0,0,0,0,0,0
NM_001142,0,0,0,0,0,0,0,0,0,0,0,0
NM_001142386,2619,3365,1765,1471,1743,814,2618,1976,2975,1618,1418,2718
NM_001142389,0,0,0,0,0,0,0,0,0,0,0,0
NM_001142391,0,0,0,0,0,0,0,0,0,0,0,0
NM_001142392,0,0,0,0,0,0,0,0,0,0,0,0
NM_001142395,0,0,0,0,0,0,0,0,0,0,0,0
NM_001142418,0,0,0,0,0,0,0,0,0,0,0,0
NM_001142419,0,0,0,0,0,0,0,0,0,0,0,0
NM_001142420,0,0,0,0,0,0,0,0,0,0,0,0
NM_001142421,0,0,0,0,0,0,0,0,0,0,0,0
NM_001142422,0,0,0,0,0,0,0,0,0,0,0,0
NM_001142423,0,0,0,0,0,0,0,0,0,0,0,0
NM_001142424,0,0,0,0,0,0,0,0,0,0,0,0
NM_001142425,0,0,0,0,0,0,0,0,0,0,0,0
NM_001142426,0,0,0,0,0,0,0,0,0,0,0,0
NM_001142427,0,0,0,0,0,0,0,0,0,0,0,0
NM_001142428,0,0,0,0,0,0,0,0,0,0,0,0
NM_001142429,0,0,0,0,0,0,0,0,0,0,0,0
NM_001142430,0,0,0,0,0,0,0,0,0,0,0,0
NM_001142431,0,0,0,0,0,0,0,0,0,0,0,0
NM_001142432,0,0,0,0,0,0,0,0,0,0,0,0
NM_001142447,0,0,0,0,0,0,0,0,0,0,0,0
NM_001142463,0,0,0,0,0,0,0,0,0,0,0,0
NM_001142503,0,0,0,0,0,0,0,0,0,0,0,0
NM_001142504,0,0,0,1,0,0,0,0,0,0,0,0
NM_001142524,0,0,0,0,0,0,0,0,0,0,0,0
NM_001142525,0,0,0,0,0,0,0,0,0,0,0,0
NM_001142526,0,0,0,0,0,0,0,0,0,0,0,0
NM_001142527,0,0,0,0,0,0,0,0,0,0,0,0
NM_001142528,0,0,0,0,0,0,0,0,0,0,0,0
NM_001142529,0,0,0,0,0,0,0,0,0,0,0,0
NM_001142530,0,0,0,0,0,0,0,0,0,0,0,0
NM_001142797,18,13,13,3,6,14,3,0,3,1,21,7
NM_001142805,0,0,0,0,0,0,0,0,0,0,0,0
NM_001142806,0,1,0,0,0,0,0,0,0,0,0,0
NM_001143963,0,0,0,0,0,0,0,0,0,0,0,0
NM_001143978,9,7,13,2,5,5,11,1,9,12,6,6
NM_001143981,0,0,0,0,0,0,0,0,0,0,0,0
NM_001143982,0,0,0,0,0,0,0,0,0,0,0,0
NM_001143983,0,0,0,0,0,0,0,0,0,0,0,0
NM_001144002,1,1,1,1,0,1,3,0,0,0,0,2
NM_001144003,0,0,0,0,0,0,0,0,0,0,0,0
NM_001144004,0,0,0,0,0,0,0,0,0,0,0,0
NM_001144005,0,0,0,0,0,0,0,0,0,0,0,0
NM_001144006,0,0,0,0,0,0,0,0,0,0,0,0
NM_001144008,0,0,0,0,0,0,0,0,0,0,0,0
NM_001144009,0,0,0,0,0,0,0,0,0,0,0,0
NM_001144010,0,0,0,0,0,0,0,0,0,0,0,0
NM_001144064,0,0,0,0,0,0,0,0,0,0,0,0
NM_001144885,0,0,0,0,0,0,0,0,0,0,0,0
NM_001144886,0,0,0,0,0,0,0,0,0,0,0,0
NM_001144887,0,0,0,0,0,0,0,0,0,0,0,0
NM_001145073,87,83,70,22,45,31,86,51,51,43,61,60
NM_001145139,0,0,0,0,0,0,0,0,0,0,0,0
NM_001145140,0,0,0,0,0,0,0,0,0,0,0,0
NM_001145149,0,0,0,0,0,0,0,0,0,0,0,0
NM_001145252,0,0,0,0,0,0,0,0,0,0,0,0
NM_001145255,0,0,0,0,0,0,0,0,0,0,0,0
NM_001145346,0,0,0,0,0,0,0,0,0,0,0,0
NM_001145408,1,0,1,2,1,1,0,0,1,5,1,0
NM_001145409,0,0,0,0,0,0,0,0,0,0,0,0
NM_001145410,0,0,0,0,0,0,0,0,0,0,0,0
NM_001145414,33,29,44,22,48,20,40,33,28,15,37,30
NM_001145718,0,0,0,0,0,0,0,0,0,0,0,0
NM_001145933,0,0,0,0,0,0,0,0,0,0,0,0
NM_001145934,0,0,0,0,0,0,0,0,0,0,0,0
NM_001145951,10,21,19,10,10,7,19,11,21,8,8,22
NM_001146151,0,0,0,0,0,0,0,0,0,0,0,0
NM_001146256,0,0,0,0,0,0,0,0,0,0,0,0
NM_001146257,0,0,1,0,0,0,0,0,0,0,0,0
NM_001146291,0,0,0,0,0,0,0,0,0,0,0,0
NM_001146702,0,0,0,0,0,0,0,0,0,0,0,0
NM_001152,11617,13415,17620,8034,8260,5366,9420,9083,11841,7196,9832,10652
NM_001159296,0,0,0,0,0,0,0,0,0,0,0,0
NM_001159560,0,0,0,0,0,0,0,0,0,0,0,0
NM_001159699,0,0,0,0,0,0,0,0,0,0,0,0
NM_001159700,0,0,0,0,0,0,0,0,0,0,0,0
NM_001159701,0,0,0,0,0,0,0,0,0,1,0,0
NM_001159702,1,7,0,1,0,0,0,0,3,0,1,0
NM_001159703,0,0,0,0,0,0,0,0,0,0,0,0
NM_001159704,0,0,0,0,0,0,0,0,0,0,0,0
NM_001161529,0,0,0,0,0,0,0,0,0,0,0,0
NM_001161530,0,0,0,0,0,0,0,0,0,0,0,0
NM_001161531,1,0,0,0,0,0,0,0,0,0,0,0
NM_001161532,0,0,0,0,0,0,0,0,0,0,0,0
NM_001162491,0,0,0,0,0,0,0,0,0,0,0,0
NM_001162936,0,1,0,0,0,0,0,0,0,0,0,0
NM_001163257,0,0,0,0,0,0,0,0,0,0,0,0
NM_001163264,0,0,0,0,0,0,0,0,0,0,0,0
NM_001163265,0,0,0,0,0,0,0,0,0,0,0,0
NM_001163278,0,0,0,0,0,0,0,0,0,0,0,0
NM_001163279,0,0,0,0,0,0,0,0,0,0,0,0
NM_001163280,0,0,2,0,7,0,4,5,2,0,0,9
NM_001163321,0,0,0,0,0,0,0,0,0,0,0,0
NM_001163322,0,0,0,0,0,0,0,0,0,0,0,0
NM_001163323,0,0,0,0,0,0,0,0,0,0,0,0
NM_001163334,0,0,0,0,0,0,0,0,0,0,0,0
NM_001163335,0,0,0,0,0,0,0,0,0,0,0,0
NM_001163438,10,5,24,8,5,13,6,9,1,24,23,26
NM_001164415,0,0,0,0,0,0,0,0,0,0,0,0
NM_001164416,0,0,0,0,0,0,0,0,0,0,0,0
NM_001164417,0,0,0,0,0,0,0,0,0,0,0,0
NM_001164617,0,0,0,0,0,0,0,0,0,0,0,0
NM_001164618,0,0,0,0,0,0,0,0,0,0,0,0
NM_001164619,0,0,0,0,0,0,0,0,0,0,0,0
NM_001164741,9,9,8,5,2,3,13,4,6,1,10,3
NM_001164803,1104,1653,1327,909,1339,464,1581,1280,1513,954,1100,855
NM_001166221,0,0,0,0,0,0,0,0,0,0,0,0
NM_001166278,0,1,2,1,0,0,4,2,4,4,0,3
NM_001166386,0,0,0,0,0,0,0,0,0,0,0,0
NM_001166387,0,0,0,0,0,0,0,0,0,0,0,0
NM_001166400,0,0,0,0,0,0,0,0,0,0,0,0
NM_001166401,0,0,0,0,2,0,0,0,0,0,0,0
NM_001166418,0,0,0,0,0,0,0,0,0,0,0,0
NM_001166419,0,0,0,0,0,0,0,0,0,0,0,0
NM_001166420,0,0,0,0,0,0,0,0,0,0,0,0
NM_001166422,0,0,0,0,0,0,0,0,0,0,0,0
NM_001166426,34,20,47,8,16,13,49,16,50,15,25,17
NM_001166448,0,0,0,0,0,0,0,0,0,0,0,0
NM_001166460,0,0,0,0,0,0,0,0,0,0,0,0
NM_001166461,0,0,0,0,0,0,0,0,0,0,0,0
NM_001166462,0,0,1,0,0,0,0,0,0,0,0,0
NM_001166550,0,0,0,0,0,0,0,0,0,0,0,0
NM_001166599,107,108,71,47,63,38,181,39,99,68,71,80
NM_001166600,0,0,0,0,0,0,0,0,0,0,0,0
NM_001166660,0,0,0,0,0,0,0,0,0,0,0,0
NM_001166699,0,0,0,0,0,0,0,0,0,0,0,0
NM_001166700,0,0,0,0,0,0,0,0,0,0,0,0
NM_001166701,0,0,0,0,0,0,0,0,0,0,0,0
NM_001166702,0,0,0,0,0,0,0,0,0,0,0,0
NM_001166703,0,0,0,0,0,0,0,0,1,0,0,1
NM_001166704,0,0,0,0,0,0,0,0,0,0,0,0
NM_001167,0,0,0,0,0,0,0,0,0,0,0,0
NM_001167819,0,0,0,0,0,0,0,0,0,0,0,0
NM_001167890,0,0,0,0,0,0,0,0,0,0,0,0
NM_001167947,7,10,10,4,1,4,5,1,2,2,8,7
NM_001167970,0,0,0,0,0,0,0,0,0,0,0,0
NM_001167971,0,0,0,0,0,0,0,0,0,0,0,0
NM_001167972,0,0,0,0,0,0,0,0,0,0,0,0
NM_001167989,0,0,0,0,0,0,0,0,0,0,0,0
NM_001167990,0,0,0,0,0,0,0,0,0,0,0,0
NM_001167992,0,0,0,0,0,0,0,0,0,0,0,0
NM_001168299,0,0,0,0,0,0,0,0,0,0,0,0
NM_001168300,0,0,0,0,0,0,0,0,0,0,0,0
NM_001168301,0,0,0,0,0,0,0,0,0,0,0,0
NM_001168302,0,0,0,0,0,0,0,0,0,0,0,0
NM_001168303,0,0,0,0,0,0,0,0,0,0,0,0
NM_001168360,0,0,0,0,0,0,0,0,0,0,0,0
NM_001168361,0,0,0,0,0,0,0,0,0,0,0,0
NM_001168362,0,0,0,0,0,0,0,0,0,0,0,0
NM_001168363,0,0,0,0,0,0,0,0,0,0,0,0
NM_001168385,0,0,0,0,0,0,0,0,0,0,0,0
NM_001168399,0,0,0,0,0,0,0,0,0,0,0,0
NM_001168400,0,0,0,0,0,0,0,0,0,0,0,0
NM_001168401,0,0,0,0,0,0,0,0,0,0,0,0
NM_001168465,1,2,0,0,0,0,3,1,0,1,2,7
NM_001168466,0,0,0,0,0,0,0,0,0,0,0,0
NM_001168467,0,0,0,0,0,0,0,0,0,0,0,0
NM_001168474,0,0,0,0,0,0,0,0,0,0,0,0
NM_001168478,0,0,0,0,0,0,0,0,0,0,0,0
NM_001168479,0,0,0,0,0,0,0,0,0,0,0,0
NM_001168480,0,0,0,0,0,0,0,0,0,0,0,0
NM_001168482,0,0,0,0,0,0,0,0,0,0,0,0
NM_001168485,0,0,0,0,0,0,0,0,0,0,0,0
NM_001168530,0,0,0,0,0,0,0,0,0,0,0,0
NM_001168531,0,0,0,0,0,0,0,0,0,0,0,0
NM_001168647,0,0,0,0,0,0,0,0,0,0,0,0
NM_001168648,0,0,0,0,0,0,0,0,0,0,0,0
NM_001168649,0,0,0,0,0,0,0,0,0,0,0,0
NM_001168683,0,0,0,0,0,0,0,0,0,0,0,0
NM_001169122,0,0,0,0,0,0,0,0,0,0,0,0
NM_001169123,0,0,0,0,0,0,0,0,0,0,0,0
NM_001169124,0,0,0,0,0,0,0,0,0,0,0,0
NM_001169125,0,0,0,0,0,0,0,0,0,0,0,0
NM_001169154,0,0,0,0,0,0,0,0,0,0,0,0
NM_001169574,0,0,0,0,0,0,0,0,0,0,0,0
NM_001170331,0,0,0,0,0,0,0,0,0,0,0,0
NM_001170460,4,7,10,1,3,0,5,1,4,2,5,2
NM_001170553,0,0,0,0,0,0,0,0,0,0,0,0
NM_001170569,0,0,0,0,0,0,0,0,0,0,0,0
NM_001170570,0,0,0,0,0,0,0,0,0,0,0,0
NM_001170574,0,0,0,0,0,0,0,0,0,0,0,0
NM_001170628,0,0,0,0,0,0,0,0,0,0,0,0
NM_001170649,0,0,0,0,0,0,0,0,0,0,0,0
NM_001170650,0,0,0,0,0,0,0,0,0,0,0,0
NM_001170701,0,0,0,0,0,0,0,0,0,0,0,0
NM_001170702,0,0,0,0,0,0,0,0,0,0,0,0
NM_001170703,0,0,0,0,0,0,0,0,0,0,0,0
NM_001170704,1,2,1,1,2,3,8,1,4,0,2,4
NM_001170747,2,6,3,10,4,0,5,17,3,6,5,9
NM_001170750,0,0,0,0,0,0,0,0,0,0,0,0
NM_001170751,0,0,0,0,0,0,0,0,0,0,0,0
NM_001170752,0,0,0,0,0,0,0,0,0,0,0,0
NM_001170756,0,0,0,0,0,0,0,0,0,0,0,0
NM_001170757,0,0,0,0,0,0,0,0,0,0,0,0
NM_001170760,0,0,0,0,0,0,0,0,0,0,0,0
NM_001170761,0,0,0,0,0,0,0,0,0,0,0,0
NM_001170779,1,2,1,0,0,1,0,1,1,1,2,0
NM_001170780,4,1,4,0,1,1,2,1,4,0,1,1
NM_001170781,46,57,50,38,41,19,21,26,64,36,48,35
NM_001170782,0,0,0,0,0,0,0,0,0,0,0,0
NM_001170783,0,0,0,0,0,0,0,0,0,0,0,0
NM_001170784,0,0,0,0,0,0,0,0,0,0,0,0
NM_001170931,0,0,0,0,0,0,0,0,0,0,0,0
NM_001170961,0,0,0,0,0,0,0,0,0,0,0,0
NM_001170962,0,0,0,0,0,0,0,0,0,0,0,0
NM_001170963,0,0,0,0,0,0,0,0,0,0,0,0
NM_001171020,0,0,0,0,0,0,0,0,0,0,0,0
NM_001171038,0,0,0,0,0,0,0,0,0,0,0,0
NM_001171039,0,0,0,0,0,0,0,0,0,0,0,0
NM_001171080,284,512,211,202,342,101,418,279,410,191,298,248
NM_001171092,0,0,0,0,0,0,0,0,0,0,0,0
NM_001171095,0,0,0,0,0,0,0,0,0,0,0,0
NM_001171109,0,0,0,0,0,0,0,0,0,0,0,0
NM_001171110,0,0,0,0,0,0,0,0,0,0,0,0
NM_001171111,0,0,0,0,0,0,0,0,0,0,0,0
NM_001171132,0,0,0,0,0,0,0,0,0,0,0,0
NM_001171133,0,0,0,0,0,0,0,0,0,0,0,0
NM_001171134,0,0,0,0,0,0,0,0,0,0,0,0
NM_001171135,0,0,0,8,4,1,21,10,5,1,5,5
NM_001171136,0,0,0,0,0,0,0,0,0,0,0,0
NM_001171162,10,7,15,1,5,3,7,7,5,2,3,9
NM_001171163,3,2,3,1,1,3,4,1,0,2,3,3
NM_001171184,0,0,0,0,0,0,0,0,0,0,0,0
NM_001171186,0,0,0,0,0,0,0,0,0,0,0,0
NM_001171191,0,0,0,0,0,0,0,0,0,0,0,0
NM_001171192,0,0,0,0,0,0,0,0,0,0,0,0
NM_001171193,0,0,0,0,0,0,0,0,0,0,0,0
NM_001171252,0,0,0,0,0,0,0,0,0,0,0,0
NM_001171581,0,0,0,0,0,0,0,0,0,0,0,0
NM_001171689,0,0,0,0,0,0,0,0,0,0,0,0
NM_001171706,0,0,0,0,0,0,0,0,0,0,0,0
NM_001171876,0,0,0,0,0,0,0,0,0,0,0,0
NM_001171877,0,0,0,0,0,0,0,0,0,0,0,0
NM_001171878,0,0,0,0,0,0,0,0,0,0,0,0
NM_001171879,0,0,0,0,0,0,0,0,0,0,0,0
NM_001171907,0,0,0,0,0,0,0,0,0,0,0,0
NM_001171908,0,0,0,0,0,0,0,0,0,0,0,0
NM_001171909,8,5,19,3,11,6,10,5,22,9,6,5
NM_001171942,0,1,0,0,0,0,0,0,0,0,0,0
NM_001171991,0,0,0,0,0,0,0,0,0,0,0,0
NM_001172285,0,0,0,0,0,0,0,0,0,0,0,0
NM_001172288,0,0,0,0,0,0,0,0,0,0,0,0
NM_001172335,0,0,0,0,0,0,0,0,0,0,0,0
NM_001172436,0,0,0,0,0,0,0,0,0,0,0,0
NM_001172672,0,0,0,0,0,0,0,0,0,0,0,0
NM_001172732,0,0,0,0,0,0,0,0,0,0,0,0
NM_001172739,0,0,0,0,0,0,0,0,0,0,0,0
NM_001172743,0,0,0,0,0,0,0,0,0,0,0,0
NM_001173454,1,0,0,0,0,0,0,1,0,0,0,0
NM_001173455,0,0,0,0,0,0,0,0,0,0,0,0
NM_001173456,0,0,0,0,0,0,0,0,0,0,0,0
NM_001173473,2,1,0,0,0,0,0,0,0,0,2,0
NM_001173474,0,0,0,0,0,0,0,0,0,0,0,0
NM_001173479,4,8,2,3,6,2,1,1,6,1,1,7
NM_001173480,0,0,0,0,0,0,0,0,0,0,0,0
NM_001173486,1,0,0,0,0,0,0,0,0,0,0,0
NM_001173487,2,1,0,0,1,1,0,0,2,0,0,0
NM_001173488,5,4,4,6,3,4,10,3,9,1,5,1
NM_001173489,0,0,0,0,0,0,0,0,0,0,0,0
NM_001173490,0,0,0,0,0,0,0,0,0,0,0,0
NM_001173516,0,0,0,0,0,0,0,0,0,0,0,0
NM_001173517,9,17,17,8,10,4,18,7,18,5,11,1
NM_001174068,0,0,0,0,0,0,0,0,0,0,0,0
NM_001174092,0,0,0,0,0,0,0,0,0,0,0,0
NM_001177465,0,0,0,0,0,0,0,0,0,0,0,0
NM_001177466,0,0,0,0,0,0,0,0,0,0,0,0
NM_001177475,0,0,0,0,0,0,0,0,0,0,0,0
NM_001177478,0,0,0,0,0,0,0,0,0,0,0,0
NM_001177479,0,0,0,0,0,0,0,0,0,0,0,0
NM_001177651,0,0,0,0,0,0,0,0,0,0,0,0
NM_001178032,0,0,0,0,0,0,0,0,0,0,0,0
NM_001178033,0,0,0,0,0,0,0,0,0,0,0,0
NM_001178084,0,0,0,0,0,0,0,0,0,0,0,0
NM_001178085,0,2,0,0,1,0,2,0,2,1,0,0
NM_001178086,0,0,0,0,0,0,0,0,0,0,0,0
NM_001178095,0,0,0,0,0,0,0,0,0,0,0,0
NM_001178099,0,0,0,0,0,0,0,0,0,0,0,0
NM_001178106,0,0,0,0,0,0,0,0,0,0,0,0
NM_001178107,0,0,0,0,0,0,0,0,0,0,0,0
NM_001178108,0,0,0,0,0,0,0,0,0,0,0,0
NM_001178109,0,0,0,0,0,0,0,0,0,0,0,0
NM_001178110,0,0,0,0,0,0,0,0,0,0,0,0
NM_001178113,1,0,1,0,0,0,0,1,0,0,1,0
NM_001178115,0,0,0,0,1,0,0,0,0,0,0,0
NM_001178135,0,3,7,0,0,3,5,0,3,2,0,1
NM_001178136,0,0,0,0,0,0,0,0,0,0,0,0
NM_001183,2028,1392,2069,1512,1346,768,1495,1163,1636,1029,1635,1342
NM_001184702,0,0,0,0,0,0,0,0,0,0,0,0
NM_001184703,0,0,0,0,0,0,0,0,0,0,0,0
NM_001184704,0,0,0,0,0,0,0,0,0,0,0,0
NM_001184727,0,0,1,0,0,0,0,0,0,0,0,2
NM_001184742,1,1,0,1,1,0,1,1,3,0,0,0
NM_001184745,0,0,0,0,0,0,0,0,0,0,0,0
NM_001184749,0,0,0,0,0,0,0,0,0,0,0,0
NM_001184750,0,0,0,0,0,0,0,0,0,0,0,0
NM_001184767,0,0,0,0,0,0,0,0,0,0,0,0
NM_001184768,0,0,0,0,0,0,0,0,0,0,0,0
NM_001184771,0,0,0,0,0,0,0,0,0,0,0,0
NM_001184772,5,5,12,2,3,7,4,0,3,0,2,3
NM_001184782,0,0,0,0,0,0,0,0,0,0,0,0
NM_001184797,0,0,0,0,0,0,0,0,0,0,0,0
NM_001184808,0,0,0,0,0,0,0,0,0,0,0,0
NM_001184819,0,0,0,0,0,1,0,1,0,2,3,1
NM_001184830,0,0,0,0,0,0,0,0,0,0,0,0
NM_001184831,0,0,0,0,0,0,0,0,0,0,0,0
NM_001184833,0,0,0,0,0,0,0,0,0,0,0,0
NM_001184834,0,0,0,0,0,0,0,0,0,0,0,0
NM_001184835,0,0,0,0,0,0,0,0,0,0,0,0
NM_001184836,0,0,0,0,0,0,0,0,0,0,0,0
NM_001184837,0,0,0,0,0,0,0,0,0,0,0,0
NM_001184874,0,0,0,0,0,0,0,0,0,0,0,0
NM_001184875,0,0,0,0,0,0,0,0,0,0,0,0
NM_001184876,0,0,0,0,0,0,0,0,0,0,0,0
NM_001184880,0,0,0,0,0,0,0,0,0,0,0,0
NM_001184896,3,0,0,0,1,0,1,0,0,0,1,2
NM_001184897,0,0,0,0,0,0,0,0,0,0,0,0
NM_001184898,7,13,7,0,10,2,18,2,17,6,9,5
NM_001184924,0,0,0,0,0,0,0,0,0,0,0,0
NM_001184960,0,1,1,0,0,0,0,0,0,0,0,0
NM_001184965,0,0,0,0,0,0,0,0,0,0,0,0
NM_001184966,0,0,0,0,0,0,0,0,0,0,0,0
NM_001185063,0,0,0,0,0,0,0,0,0,0,0,0
NM_001185075,0,0,0,0,0,0,0,0,0,0,0,0
NM_001185076,0,0,0,0,0,0,0,0,0,0,0,0
NM_001185081,0,0,0,0,0,0,0,0,0,0,0,0
NM_001185082,0,0,0,0,0,0,0,0,0,0,0,0
NM_001185183,0,0,0,0,0,0,0,0,0,0,0,0
NM_001190255,0,0,0,0,0,0,0,0,0,0,0,0
NM_001190417,0,0,0,0,0,0,0,0,0,0,0,0
NM_001190708,1,1,0,2,1,1,1,0,1,4,0,1
NM_001193270,1,1,1,0,0,0,3,0,1,1,1,5
NM_001193277,0,0,0,0,0,0,0,0,0,0,0,0
NM_001193278,0,0,0,0,0,0,0,0,0,0,0,0
NM_001193279,0,0,0,0,0,0,0,0,0,0,0,0
NM_001193280,0,0,0,0,0,0,0,0,0,0,0,0
NM_001193281,0,0,0,0,0,0,0,0,0,0,0,0
NM_001193416,0,0,0,0,0,0,0,0,0,0,0,0
NM_001193417,0,0,0,0,0,0,0,0,0,0,0,0
NM_001195081,0,0,0,0,0,0,0,0,0,0,0,0
NM_001195214,0,0,0,0,0,0,0,0,0,0,0,0
NM_001195272,0,0,0,0,0,0,0,0,0,0,0,0
NM_001195328,0,0,0,0,0,0,0,0,0,0,0,0
NM_001195522,1,0,0,0,0,0,0,0,0,0,0,0
NM_001195553,0,0,0,0,0,0,0,0,0,0,0,0
NM_001195576,0,0,0,0,0,0,0,0,0,0,0,0
NM_001195577,0,0,0,0,0,0,0,0,0,0,0,0
NM_001195578,0,0,0,0,0,0,0,0,0,0,0,0
NM_001198719,5,5,3,11,20,1,3,7,6,3,2,10
NM_001199687,0,0,0,0,0,0,0,0,0,0,0,0
NM_001199818,16,14,12,4,11,1,14,10,16,6,16,10
NM_001199972,117,192,152,93,116,48,273,61,334,46,127,86
NM_001199973,0,0,0,0,0,0,0,0,0,0,0,0
NM_001199974,0,0,0,0,0,0,0,0,0,0,0,0
NM_001201538,0,0,0,0,0,0,0,0,0,0,0,0
NM_001201539,0,0,0,0,0,0,0,0,0,0,1,0
NM_001201583,0,0,0,0,0,0,0,0,0,0,0,0
NM_001204401,0,0,0,0,0,0,0,0,0,0,0,0
NM_001204402,0,0,0,0,0,0,0,0,0,0,0,0
NM_001204466,0,0,0,0,0,0,0,0,0,0,0,0
NM_001204467,0,0,0,0,0,0,0,0,0,0,0,0
NM_001204468,0,0,0,0,0,0,0,0,0,0,0,0
NM_001204526,0,0,0,0,0,0,0,0,0,0,0,0
NM_001204527,0,0,0,1,2,0,0,1,2,0,3,0
NM_001204811,0,0,0,0,0,0,0,0,0,0,0,0
NM_001205019,0,0,0,0,0,0,0,0,0,0,0,0
NM_001205201,0,0,0,0,0,0,0,0,0,0,0,0
NM_001242310,9,16,8,1,1,1,13,2,15,3,5,6
NM_001242362,0,0,0,0,0,0,0,0,0,0,0,0
NM_001242489,0,0,0,0,0,0,0,0,0,0,0,0
NM_001242490,0,0,0,0,0,0,0,0,0,0,0,0
NM_001242491,0,0,0,0,0,0,0,0,0,1,1,0
NM_001242492,0,0,0,0,0,0,0,0,0,0,0,0
NM_001242493,0,0,0,0,0,0,0,0,0,0,0,0
NM_001242494,0,0,0,0,0,0,0,0,0,0,0,0
NM_001242495,0,0,0,0,0,0,0,0,0,0,0,0
NM_001242496,0,0,0,0,0,0,0,0,0,0,0,0
NM_001242497,0,0,0,0,0,0,0,0,0,0,0,0
NM_001242614,0,0,0,0,0,0,0,0,1,0,0,0
NM_001242617,1,0,0,0,1,0,0,0,0,0,0,0
NM_001242618,0,0,1,0,0,1,2,0,1,1,0,3
NM_001242640,0,0,0,0,0,0,0,0,1,0,0,0
NM_001242922,0,0,0,0,0,0,0,0,0,0,0,0
NM_001243197,1,9,2,1,1,0,1,1,3,1,0,0
NM_001243804,0,0,0,0,0,0,0,0,0,0,0,0
NM_001243963,0,0,0,0,0,0,0,0,0,0,0,0
NM_001244892,0,0,0,0,0,0,0,0,0,0,0,0
NM_001251828,0,0,0,0,0,0,0,0,0,0,0,0
NM_001256119,0,0,0,0,0,0,0,0,0,0,0,0
NM_001256120,0,0,0,0,0,0,0,0,0,0,0,0
NM_001256155,158,147,35,80,77,19,73,68,156,58,32,92
NM_001256185,0,0,0,0,0,0,0,0,0,2,0,0
NM_001256186,0,0,0,0,0,0,0,0,0,0,0,0
NM_001256187,0,0,0,0,0,0,0,0,0,0,0,0
NM_001256188,0,0,0,0,0,0,0,0,0,0,0,0
NM_001256196,0,0,0,0,0,0,0,0,0,0,0,0
NM_001256197,17,22,19,7,14,2,17,7,17,14,18,13
NM_001256447,0,0,0,0,1,0,0,0,0,0,0,0
NM_001256577,0,0,0,0,0,0,0,0,0,0,0,0
NM_001256580,0,0,0,0,0,0,0,0,0,0,0,0
NM_001256743,1,0,1,0,1,2,0,0,0,0,1,0
NM_001256760,0,0,0,0,0,0,0,0,0,0,0,0
NM_001256761,0,0,0,0,0,0,0,0,0,0,0,0
NM_001256789,0,0,0,0,0,0,0,0,0,0,0,0
NM_001256790,0,0,0,0,0,0,0,0,0,0,0,0
NM_001256944,0,0,0,0,0,0,0,0,0,0,0,0
NM_001257168,0,0,0,0,0,0,0,0,0,0,0,0
NM_001257230,0,0,0,0,0,0,0,0,0,0,0,0
NM_001257231,0,0,0,0,0,0,0,0,0,0,0,0
NM_001257234,0,0,0,0,0,0,0,0,0,0,0,0
NM_001257235,0,0,0,0,0,0,0,0,0,0,0,0
NM_001257237,0,0,0,0,0,0,0,0,0,0,0,0
NM_001257239,0,0,0,0,0,0,0,2,0,0,0,0
NM_001257240,0,0,0,0,0,0,0,0,0,0,0,0
NM_001257241,0,0,0,0,0,0,0,0,0,0,0,0
NM_001257291,0,0,0,0,0,0,0,0,0,1,0,0
NM_001257403,0,0,0,0,0,0,0,0,0,0,0,0
NM_001258423,0,0,0,0,0,0,0,0,0,0,0,0
NM_001267053,0,0,0,0,0,0,0,0,0,0,0,0
NM_001267713,0,0,0,0,0,0,0,0,0,0,0,0
NM_001270458,0,0,0,0,0,0,0,0,0,0,0,0
NM_001271183,0,0,0,0,0,0,0,0,0,0,0,0
NM_001271184,1,1,0,0,0,0,1,0,0,0,0,0
NM_001271186,0,0,0,0,0,0,0,0,0,0,0,0
NM_001271187,0,0,0,0,0,0,0,0,0,0,0,0
NM_001271560,1,2,0,1,1,0,0,0,0,0,0,2
NM_001271680,0,0,0,0,0,0,0,0,0,0,0,0
NM_001271682,0,0,0,0,0,0,0,0,0,0,0,0
NM_001271696,0,0,0,0,0,0,0,0,0,0,0,0
NM_001271697,0,0,0,0,0,0,0,0,0,0,0,0
NM_001271698,0,0,0,0,0,0,0,0,0,0,0,0
NM_001271699,0,0,0,0,0,0,0,0,0,0,0,0
NM_001271748,0,0,0,0,0,0,0,0,0,0,0,0
NM_001271752,0,0,0,0,0,0,0,0,0,0,0,0
NM_001271804,0,0,0,0,0,0,0,0,0,0,0,0
NM_001271805,2,2,2,1,0,0,1,2,2,1,2,0
NM_001271815,0,0,0,0,0,0,0,0,0,0,0,0
NM_001271835,0,0,0,0,0,0,0,0,0,0,0,0
NM_001271836,1,0,0,4,6,0,6,1,0,0,5,1
NM_001272061,0,0,0,0,0,0,0,0,0,0,0,0
NM_001272062,0,0,0,0,0,0,0,0,0,0,0,0
NM_001272063,0,0,0,0,0,0,0,0,0,0,0,0
NM_001272071,4,10,0,2,5,3,7,2,8,3,1,2
NM_001272102,0,0,0,0,0,0,0,0,0,0,0,0
NM_001277307,2,1,2,1,0,1,2,1,2,6,3,0
NM_001277423,0,0,0,0,0,0,0,0,0,0,0,0
NM_001277710,2,2,2,0,1,0,1,0,0,1,2,1
NM_001278000,0,0,0,0,0,0,0,0,1,0,0,0
NM_001278116,0,0,0,0,0,0,0,0,0,0,0,1
NM_001278691,0,0,0,0,0,0,0,0,0,0,0,0
NM_001278697,0,0,0,0,0,0,0,0,0,0,0,0
NM_001278701,0,0,0,0,0,0,0,0,0,0,0,0
NM_001278702,0,0,0,0,0,0,0,0,0,0,0,0
NM_001278740,0,0,0,0,0,0,3,0,0,0,0,0
NM_001278741,0,0,0,0,0,0,0,0,0,0,0,0
NM_001278742,0,0,0,0,0,0,0,0,0,0,0,0
NM_001278743,0,0,0,0,0,0,0,0,0,0,0,0
NM_001281463,1,2,2,2,0,0,6,1,1,1,2,2
NM_001281736,0,0,0,0,0,0,0,0,0,0,0,0
NM_001282141,0,0,0,0,0,0,0,0,0,0,0,0
NM_001282142,0,0,0,0,0,0,0,0,0,0,0,0
NM_001282145,0,0,0,0,0,0,0,0,0,0,0,0
NM_001282146,0,0,0,0,1,1,0,0,0,0,0,0
NM_001282157,0,0,0,0,0,0,0,0,0,0,0,0
NM_001282161,0,0,0,0,0,0,0,0,0,0,0,0
NM_001282163,0,1,0,0,0,0,2,0,3,1,0,1
NM_001282166,0,0,0,0,0,0,0,0,0,0,0,0
NM_001282167,20,9,15,10,12,6,14,8,10,6,8,20
NM_001282174,0,0,0,0,0,0,0,0,0,0,0,0
NM_001282186,0,0,0,0,0,0,0,0,0,0,0,0
NM_001282187,1,0,0,1,0,0,0,0,0,0,0,0
NM_001282188,0,0,0,0,0,1,0,0,0,0,0,0
NM_001282195,0,0,0,0,0,0,0,0,0,0,0,0
NM_001282196,0,0,0,0,0,0,0,0,0,0,0,0
NM_001282197,3,1,2,0,1,1,2,2,1,0,1,0
NM_001282198,0,0,0,0,0,0,0,0,0,0,0,0
NM_001282201,0,0,0,0,0,0,0,0,0,0,0,0
NM_001282202,0,0,0,0,0,0,0,0,0,0,0,0
NM_001282224,0,0,0,0,0,0,0,0,0,0,0,0
NM_001282231,0,0,0,0,0,0,0,0,0,0,0,0
NM_001282283,0,0,0,0,0,0,0,0,0,0,0,0
NM_001282302,1,1,4,2,2,1,1,2,3,3,0,0
NM_001282311,1,2,2,1,0,0,4,0,0,0,0,0
NM_001282312,0,0,0,0,0,0,0,0,0,0,0,0
NM_001282337,0,0,0,0,0,0,0,0,0,0,0,0
NM_001282338,0,1,0,0,0,0,0,0,0,0,0,0
NM_001282400,0,1,0,0,0,1,4,0,0,0,2,0
NM_001282401,0,0,0,0,0,0,0,0,0,0,0,0
NM_001282418,0,0,0,0,0,1,0,0,0,0,0,0
NM_001282461,0,0,0,0,0,0,0,0,0,0,0,0
NM_001282462,0,0,0,0,0,0,0,0,0,0,0,0
NM_001282501,0,0,0,0,0,0,0,0,0,0,0,0
NM_001282502,0,0,0,0,0,0,0,0,0,0,0,0
NM_001282504,0,0,0,0,0,0,0,0,0,0,0,0
NM_001282505,0,0,0,0,0,0,0,0,0,0,0,0
NM_001282535,0,0,0,0,0,0,0,0,0,0,0,0
NM_001282607,0,0,0,0,0,0,0,0,0,0,0,0
NM_001282621,0,0,0,0,0,0,0,0,0,0,0,0
NM_001282622,0,0,0,0,0,0,0,0,0,0,0,0
NM_001282628,0,0,0,0,0,0,0,0,0,0,0,0
NM_001282631,0,0,0,0,0,0,0,0,0,0,0,0
NM_001282647,0,0,0,0,0,0,0,0,0,0,0,0
NM_001282648,0,0,0,0,0,0,0,0,0,0,0,0
NM_001282649,0,0,0,0,0,0,0,0,0,0,0,0
NM_001282650,0,0,0,0,0,0,0,0,1,0,0,0
NM_001282651,1,1,2,0,0,2,0,0,1,0,0,2
NM_001282674,0,0,0,0,0,0,0,0,0,0,0,0
NM_001282754,0,0,0,0,0,0,0,0,0,0,0,0
NM_001282848,0,0,0,0,0,0,0,0,0,0,0,0
NM_001282849,0,0,0,0,0,0,0,0,0,0,0,0
NM_001282874,0,0,0,0,0,0,0,0,0,0,0,0
NM_001282875,0,0,0,0,0,0,0,0,0,0,0,0
NM_001286074,0,0,0,0,0,0,0,0,0,0,0,0
NM_001287242,0,0,0,1,0,0,0,0,0,0,0,4
NM_001287344,0,0,0,0,4,0,3,3,4,0,0,0
NM_001287345,0,0,0,0,0,0,1,1,1,0,0,0
NM_001287758,0,0,0,0,0,0,0,0,0,0,0,0
NM_001287759,0,0,0,0,0,0,0,0,0,0,0,0
NM_001287760,0,0,0,0,0,0,0,0,0,0,0,0
NM_001288747,5,10,5,1,2,1,9,4,1,0,4,5
NM_001289,210,178,126,685,569,150,503,208,1216,304,495,331
NM_001289109,1,1,0,0,0,0,0,0,0,0,0,0
NM_001289773,19,30,15,13,15,5,25,16,24,5,5,19
NM_001291277,0,0,0,0,0,0,0,0,0,0,0,0
NM_001291415,0,0,0,0,0,0,0,0,0,0,0,0
NM_001291416,0,0,0,0,0,0,0,0,0,0,0,0
NM_001291417,0,0,0,0,0,0,0,0,0,0,0,0
NM_001291418,0,0,0,0,0,0,0,0,0,0,0,0
NM_001291421,0,0,0,0,0,0,0,0,0,0,0,0
NM_001291527,0,0,0,0,0,0,0,0,0,0,0,0
NM_001291528,0,0,0,0,0,0,0,0,0,0,0,0
NM_001291529,0,0,0,0,0,0,0,0,0,0,0,0
NM_001291530,0,0,0,0,0,0,0,0,0,0,0,0
NM_001291535,0,0,0,0,0,0,0,0,0,0,0,0
NM_001291540,0,0,0,0,0,0,0,0,0,0,0,0
NM_001291543,0,0,0,0,0,0,0,0,0,0,0,0
NM_001291867,0,0,0,0,0,0,0,0,0,0,0,0
NM_001291868,0,0,0,0,0,0,0,0,0,0,0,0
NM_001297563,1,0,1,0,2,0,3,0,3,1,1,1
NM_001297564,0,0,0,0,0,0,0,0,0,0,0,0
NM_001300788,0,0,0,0,0,0,0,0,0,0,0,0
NM_001300884,0,0,0,0,0,0,0,0,0,0,0,0
NM_001300888,1,0,2,0,1,0,3,0,0,1,0,1
NM_001300901,0,0,0,0,0,0,1,1,1,0,0,0
NM_001301228,1,0,0,1,1,0,1,0,0,0,1,1
NM_001301229,0,0,0,0,0,0,0,0,0,0,0,0
NM_001301231,0,0,0,0,0,0,0,0,1,0,0,0
NM_001303277,0,0,0,0,0,0,0,0,0,0,0,0
NM_001303465,0,0,0,0,0,0,0,0,0,0,0,0
NM_001303475,0,0,0,0,0,0,0,0,0,0,0,0
NM_001303512,0,0,0,0,0,0,0,0,0,0,0,0
NM_001303513,1,0,0,0,0,0,0,1,0,0,0,0
NM_001303514,0,0,0,0,0,0,0,0,0,0,0,0
NM_001303515,0,0,0,0,0,0,0,0,0,0,0,0
NM_001303516,0,0,0,0,0,0,0,0,0,0,0,0
NM_001303543,0,0,0,0,0,0,0,0,0,0,0,0
NM_001303544,0,0,0,0,1,0,0,0,0,0,0,0
NM_001303545,0,0,0,0,0,0,0,0,0,0,0,0
NM_001303613,0,0,0,0,0,0,0,0,0,0,0,0
NM_001303620,0,0,0,0,0,0,0,0,0,0,0,0
NM_001303624,7,2,21,0,3,1,8,17,4,2,19,2
NM_001303625,0,0,0,0,0,0,0,0,0,0,0,0
NM_001303626,0,0,0,0,0,0,0,0,0,0,0,0
NM_001304548,0,0,0,0,0,0,0,1,0,0,0,0
NM_001304963,0,0,0,0,0,0,0,0,0,0,0,0
NM_001304990,2,0,3,1,1,1,2,1,1,0,1,1
NM_001305004,0,0,0,0,0,0,0,0,0,0,0,0
NM_001305840,14,4,12,4,4,4,5,4,13,1,2,8
NM_001305841,0,0,0,0,0,0,0,0,0,0,0,0
NM_001305842,0,0,0,0,0,0,0,0,0,0,0,0
NM_001306144,659,683,775,480,572,305,846,600,781,406,618,556
NM_001306145,3,5,5,4,2,1,7,3,14,3,2,3
NM_001306177,0,0,0,2,3,0,4,0,2,2,1,1
NM_001306188,0,0,0,0,0,0,0,0,0,0,0,0
NM_001306193,0,0,0,0,0,0,0,0,0,0,0,0
NM_001306206,1,1,4,0,3,0,1,0,2,1,1,4
NM_001306209,0,0,0,0,0,0,0,0,0,0,0,0
NM_001307940,0,0,0,0,0,0,0,0,0,0,0,0
NM_001307944,0,0,0,0,0,0,0,0,0,0,0,1
NM_001307979,0,0,0,0,0,0,1,0,1,0,0,0
NM_001312891,0,0,0,0,0,0,0,0,0,0,0,0
NM_001313913,0,0,0,0,0,0,0,0,0,0,0,0
NM_001316337,2,0,2,3,1,2,0,0,1,2,1,1
NM_001316887,0,0,0,0,0,0,0,0,1,0,0,0
NM_001316888,0,0,0,0,0,0,0,0,0,0,0,0
NM_001316889,0,0,0,0,0,0,0,0,0,0,0,0
NM_001325,0,0,0,0,0,0,0,0,0,0,0,0
NM_001327,0,0,0,0,0,0,0,0,0,0,0,0
NM_001356,0,0,0,0,0,0,0,0,0,0,0,0
NM_001363,0,0,0,0,0,0,0,0,0,0,0,0
NM_001395,0,0,0,0,0,0,1,0,0,0,0,2
NM_001399,0,0,0,0,0,0,0,0,0,0,0,0
NM_001412,2328,3342,4114,3601,3263,1758,5387,3586,3959,3392,2873,3856
NM_001415,9481,11564,15791,11813,9221,6512,14476,8518,13519,9810,8437,12054
NM_001421,0,0,0,1,5,0,4,0,1,0,1,3
NM_001448,1058,351,1185,115,207,8,634,311,374,176,18,607
NM_001449,0,0,0,0,0,0,0,0,0,0,0,0
NM_001456,0,0,0,0,0,0,0,0,0,0,0,0
NM_001472,0,0,0,0,0,0,0,0,0,0,0,0
NM_001474,0,0,0,0,0,0,0,0,0,0,0,0
NM_001475,0,0,0,0,0,0,0,0,0,0,0,0
NM_001476,0,0,0,0,0,0,0,0,0,0,0,0
NM_001477,0,0,0,0,0,0,0,0,0,0,0,0
NM_001493,3065,2543,3025,2128,2192,1138,2855,1864,3585,1660,2470,2203
NM_001504,0,0,0,0,0,0,0,0,0,0,0,0
NM_001522,1,1,0,0,0,0,1,1,0,0,0,0
NM_001551,2735,2350,3453,1567,1519,1182,1759,2130,2042,1742,2679,2201
NM_001555,0,0,0,0,0,0,0,0,0,0,0,0
NM_001560,63,113,82,42,39,129,20,27,32,40,27,78
NM_001569,0,0,0,0,0,0,0,0,0,0,0,0
NM_001586,0,0,0,0,0,0,0,0,0,0,0,0
NM_001587,0,0,0,0,0,0,0,0,0,0,0,0
NM_001636,22573,14918,25333,22669,17636,9018,20581,19025,23388,11690,21666,26269
NM_001649,1,0,3,20,0,1,2,2,0,10,1,0
NM_001654,0,0,0,0,0,0,0,0,0,0,0,0
NM_001666,0,0,0,0,0,0,0,0,0,0,0,0
NM_001669,322,172,233,80,152,37,282,130,207,173,293,142
NM_001711,0,0,0,0,0,2,0,0,0,0,0,0
NM_001721,0,0,0,0,0,0,0,0,0,0,0,0
NM_001727,0,0,0,0,0,0,0,1,0,0,0,0
NM_001830,5,10,8,1,0,0,3,2,0,1,0,2
NM_001847,0,0,0,0,0,0,0,0,0,0,0,0
NM_001866,3044,3219,3288,2795,2785,1308,3306,3536,4282,1847,3301,2291
NM_001939,0,0,0,0,0,0,0,0,0,0,2,0
NM_002024,0,0,0,0,0,0,0,0,0,0,0,0
NM_002025,0,0,0,0,0,0,0,0,0,0,0,0
NM_002049,2,2,1,0,1,0,2,0,3,0,0,0
NM_002063,0,0,0,0,0,0,0,0,0,0,0,0
NM_002139,0,0,0,0,0,0,0,0,0,0,0,0
NM_002183,40,34,12,9,28,19,15,23,25,9,30,31
NM_002186,3,2,1,0,0,0,0,1,4,0,1,3
NM_002294,121,111,117,56,79,60,95,102,90,52,146,82
NM_002351,0,0,0,0,0,0,0,0,0,0,0,0
NM_002362,0,0,0,0,0,0,0,0,0,0,0,0
NM_002363,0,0,0,0,0,0,0,0,0,0,0,0
NM_002364,0,0,0,0,0,0,0,0,0,0,0,0
NM_002365,0,0,0,0,0,1,0,0,0,0,0,0
NM_002367,1,1,0,1,1,0,0,0,1,0,0,0
NM_002414,0,0,0,0,0,0,0,0,0,0,0,0
NM_002436,0,0,0,0,0,0,0,0,0,0,0,0
NM_002444,40003,31141,40718,17085,20574,16553,33379,19073,30435,22510,25790,24557
NM_002536,1129,795,973,498,494,407,636,495,594,395,615,643
NM_002547,5,1,0,0,2,0,2,1,1,0,1,1
NM_002565,2,1,2,0,0,1,4,0,1,1,1,1
NM_002578,0,0,1,0,0,0,0,0,1,0,0,0
NM_002621,0,1,2,3,1,0,4,1,2,3,0,4
NM_002625,0,0,0,0,0,0,0,0,0,0,0,0
NM_002637,0,0,0,0,0,0,0,0,0,0,0,0
NM_002641,21,34,22,7,15,5,26,16,40,14,19,27
NM_002668,1735,1232,1904,776,957,648,1546,1214,1153,886,1497,1495
NM_002764,278,420,329,176,202,138,279,244,394,197,242,280
NM_002765,0,0,0,0,0,0,0,0,0,0,0,0
NM_002814,0,0,0,0,0,0,1,0,0,0,0,0
NM_002893,199,113,155,178,235,82,340,314,276,102,195,279
NM_002910,174,203,106,145,120,66,148,130,348,55,57,138
NM_002970,0,0,0,0,0,0,0,0,0,0,0,0
NM_003022,5434,5233,4267,3100,3729,2043,4252,4332,4906,3301,4867,3754
NM_003069,0,0,0,1,2,0,0,0,0,0,0,0
NM_003147,0,0,0,0,0,0,0,0,0,0,0,0
NM_003159,0,0,0,0,0,0,0,0,0,0,0,0
NM_003173,0,0,0,1,1,0,2,1,1,0,0,0
NM_003179,23,17,60,15,25,17,20,16,32,10,18,22
NM_003254,3086,1270,1553,1073,1334,856,1535,809,2396,796,863,1604
NM_003270,0,0,0,0,0,0,0,0,0,0,0,0
NM_003334,16,4,11,25,30,3,60,31,36,12,43,43
NM_003336,0,0,0,0,0,0,0,0,0,0,0,0
NM_003372,0,0,0,0,0,0,0,0,0,0,0,0
NM_003399,50,18,26,43,20,8,36,11,66,32,10,47
NM_003410,0,0,0,0,0,0,0,0,0,0,0,0
NM_003413,0,0,0,0,1,0,0,0,0,0,0,0
NM_003446,1,1,4,1,2,2,2,4,3,0,1,6
NM_003491,0,0,0,0,0,0,0,0,0,0,0,0
NM_003492,104,56,71,112,88,30,68,72,93,50,100,68
NM_003588,1,0,0,0,0,1,2,0,1,0,0,0
NM_003604,1,0,0,0,0,0,2,0,0,0,0,0
NM_003611,1448,1666,1213,719,1021,547,2120,1132,1499,1159,943,974
NM_003639,2,4,6,0,2,3,3,0,1,1,1,5
NM_003662,0,0,0,0,0,0,0,0,0,0,0,0
NM_003688,3,5,2,0,1,0,5,1,5,1,2,0
NM_003785,0,0,0,0,0,0,0,0,0,0,0,0
NM_003828,0,0,0,0,0,0,1,0,0,0,0,1
NM_003868,0,0,0,0,0,1,0,0,0,2,4,1
NM_003886,0,0,0,0,0,0,0,0,0,0,0,0
NM_003916,0,0,0,0,0,0,0,0,0,0,0,0
NM_003918,0,0,0,0,0,0,0,0,0,0,0,0
NM_004006,0,0,0,0,0,0,0,0,0,0,0,0
NM_004009,0,0,0,0,0,0,0,0,0,0,0,0
NM_004010,0,0,0,0,0,0,0,0,0,0,0,0
NM_004011,0,0,0,0,0,0,0,0,0,0,0,0
NM_004012,0,0,0,0,0,0,0,0,0,0,0,0
NM_004013,0,0,0,0,0,0,0,0,0,0,0,0
NM_004014,0,0,0,0,0,0,0,0,0,0,0,0
NM_004015,0,0,0,0,0,0,0,0,0,0,0,0
NM_004016,0,0,0,0,0,0,0,0,0,0,0,0
NM_004017,0,0,0,0,0,0,0,0,0,0,0,0
NM_004018,0,0,0,0,0,0,0,0,0,0,0,0
NM_004019,3,11,1,0,0,2,2,1,11,2,3,4
NM_004020,0,0,0,0,0,0,0,0,0,0,0,0
NM_004021,0,0,0,0,0,0,0,0,0,0,0,0
NM_004022,0,0,0,0,0,0,0,0,0,0,0,0
NM_004023,0,0,0,0,0,0,0,0,0,0,0,0
NM_004042,0,0,0,0,0,0,0,0,0,0,0,0
NM_004043,0,0,0,0,0,0,0,0,0,0,0,0
NM_004057,0,0,0,0,0,0,0,0,0,0,0,0
NM_004065,0,1,1,5,3,0,0,0,0,0,0,0
NM_004085,236,287,280,214,275,116,289,260,393,190,210,241
NM_004089,28,47,74,71,88,14,158,106,84,36,204,195
NM_004114,0,0,0,0,0,0,0,0,0,0,0,0
NM_004135,0,0,0,0,0,0,0,0,0,0,0,0
NM_004143,0,0,0,0,0,0,0,0,0,0,0,0
NM_004182,0,0,0,0,0,0,0,0,0,0,0,0
NM_004187,0,0,0,0,0,0,0,0,0,0,0,0
NM_004192,0,0,0,0,0,0,0,0,0,0,0,0
NM_004208,0,0,0,0,0,0,0,0,0,0,0,0
NM_004224,0,0,0,0,0,0,0,0,0,0,0,0
NM_004229,3125,3191,2843,1665,2114,1408,4256,2104,3974,2572,1919,2612
NM_004251,2,5,10,0,4,3,3,3,8,3,1,0
NM_004299,0,0,0,0,0,0,0,0,0,0,0,0
NM_004312,21,12,14,4,3,6,25,4,17,8,7,7
NM_004344,492,545,520,425,498,223,615,551,705,411,540,472
NM_004429,40,9,73,35,41,16,45,35,49,24,57,30
NM_004458,0,0,0,0,0,0,0,0,0,0,0,0
NM_004463,107,63,101,55,83,39,79,83,90,55,86,50
NM_004469,0,0,0,1,0,0,0,0,1,0,0,0
NM_004484,0,0,0,0,0,0,0,0,0,0,0,0
NM_004493,1,0,3,0,0,2,1,2,3,0,3,0
NM_004538,4,2,8,1,5,2,7,5,7,2,12,6
NM_004541,2591,2384,3002,1797,1868,1120,1523,2250,2547,1237,2534,2154
NM_004586,2516,2710,2227,1082,1595,990,2302,1927,2535,1648,1899,2106
NM_004595,35,55,45,11,29,15,53,52,47,29,31,38
NM_004606,0,0,0,0,0,0,0,0,0,0,0,0
NM_004615,16,3,3,1,5,1,2,2,4,2,5,4
NM_004650,1,0,0,2,1,0,1,1,0,0,2,3
NM_004651,2310,1995,2762,1421,1667,981,2433,1465,2010,1590,1534,1450
NM_004683,0,0,0,0,0,0,0,0,0,0,0,0
NM_004699,1790,1565,1907,1405,1409,754,1459,1126,2415,731,1425,1606
NM_004709,0,0,0,0,0,0,0,0,0,0,0,0
NM_004726,0,0,0,0,0,0,0,0,0,0,0,0
NM_004729,0,0,0,0,0,0,0,0,0,0,0,0
NM_004780,0,0,0,0,0,0,1,0,0,1,1,2
NM_004794,598,669,844,447,384,403,486,562,469,299,653,644
NM_004840,62,43,48,9,33,19,48,39,31,33,9,31
NM_004845,0,0,0,0,0,0,0,0,0,0,0,0
NM_004867,7,3,6,4,4,3,2,8,7,3,11,8
NM_004961,0,0,0,0,0,0,0,0,0,0,0,0
NM_004979,79,71,63,29,33,34,50,39,40,20,39,44
NM_004988,0,0,1,0,0,0,1,0,0,0,0,0
NM_004992,1130,802,831,308,505,391,831,519,640,530,588,612
NM_005032,0,0,0,0,0,0,0,0,0,0,0,0
NM_005044,1467,1505,2559,1169,982,874,2308,1494,1523,1715,1567,2098
NM_005088,0,0,0,0,0,0,0,0,0,0,0,0
NM_005089,385,444,775,472,464,252,901,357,429,452,408,488
NM_005096,0,0,0,0,0,0,0,0,0,0,0,0
NM_005120,3108,2369,2565,1121,1461,1082,2805,1307,2590,1496,1535,1878
NM_005140,0,0,0,0,0,0,0,0,0,0,0,0
NM_005183,0,0,0,0,0,0,0,0,0,0,0,0
NM_005193,0,0,0,0,0,0,0,0,0,0,0,0
NM_005229,0,0,0,0,0,0,0,0,0,0,0,0
NM_005278,0,0,0,0,0,0,0,0,0,0,0,0
NM_005296,0,3,0,0,1,0,1,2,2,0,1,0
NM_005300,0,0,0,0,0,0,0,0,0,0,0,0
NM_005314,91,51,28,6,17,26,52,20,24,90,35,13
NM_005333,0,0,0,0,0,0,0,0,1,0,0,0
NM_005334,5086,3720,5041,4212,5451,2305,8368,2850,5410,3021,3442,3776
NM_005342,0,0,0,0,0,0,0,0,0,0,0,0
NM_005361,0,0,0,0,0,0,0,0,0,0,0,0
NM_005362,0,0,0,0,0,0,0,0,0,0,1,0
NM_005363,0,0,0,0,0,0,0,0,0,0,0,0
NM_005364,0,0,0,0,0,0,0,0,0,0,0,0
NM_005365,0,0,0,0,0,0,0,0,0,0,0,0
NM_005366,0,2,1,0,0,0,0,0,2,2,1,2
NM_005367,0,0,0,0,0,0,0,0,0,0,0,0
NM_005369,0,0,0,0,0,0,0,0,0,0,0,0
NM_005391,2,4,5,4,7,2,6,4,10,5,7,5
NM_005393,0,0,0,0,0,0,0,0,0,0,0,0
NM_005448,0,0,0,0,0,0,0,0,0,0,0,0
NM_005462,0,0,0,0,0,0,0,0,0,0,0,0
NM_005491,0,0,0,0,0,0,0,0,0,0,0,0
NM_005629,0,0,0,0,0,0,0,0,0,0,0,0
NM_005634,0,0,0,0,0,0,0,0,0,0,0,0
NM_005635,0,0,0,0,0,0,0,0,0,0,0,0
NM_005636,0,0,0,0,0,0,0,0,0,0,0,0
NM_005638,0,0,0,0,0,0,0,0,0,0,0,0
NM_005647,0,1,0,0,1,0,4,1,0,0,0,1
NM_005660,0,0,0,0,0,0,0,0,0,0,0,0
NM_005676,0,0,0,0,0,0,0,0,0,0,0,0
NM_005710,0,0,0,0,0,0,1,0,0,0,0,0
NM_005745,0,0,0,0,0,0,0,0,0,0,1,0
NM_005756,0,0,0,0,0,0,0,0,0,0,0,0
NM_005765,3072,2572,2054,1479,2188,974,1931,2180,2865,1368,2629,1935
NM_005834,0,0,0,0,0,0,0,0,0,0,0,0
NM_005840,0,0,0,0,0,0,0,0,0,0,0,0
NM_005938,2,0,2,0,1,2,2,0,3,0,2,2
NM_006013,0,0,0,0,0,0,0,0,0,0,0,0
NM_006014,286,233,518,391,433,151,325,370,426,152,409,427
NM_006044,1548,1353,1808,899,1101,638,1748,1068,1768,1019,1318,1247
NM_006064,0,0,0,0,0,0,0,0,0,0,0,0
NM_006089,1,2,3,1,1,1,1,2,2,0,5,1
NM_006123,0,0,0,0,0,0,0,0,0,0,0,0
NM_006125,3,5,4,4,1,3,5,2,7,4,3,9
NM_006140,0,0,0,0,0,0,0,0,0,0,0,0
NM_006150,0,0,0,0,0,0,1,1,0,0,1,1
NM_006201,0,0,2,24,46,1,102,52,20,0,11,79
NM_006223,0,0,0,0,0,0,0,0,0,0,0,0
NM_006240,0,0,0,0,0,0,0,0,0,0,0,0
NM_006280,0,0,0,0,0,0,0,0,0,0,0,0
NM_006306,0,0,0,0,0,0,0,0,0,0,0,0
NM_006307,0,0,0,0,0,0,0,0,0,0,0,0
NM_006359,0,0,0,0,0,0,0,0,0,0,0,0
NM_006375,0,0,0,0,0,0,0,0,0,0,0,0
NM_006406,1161,1182,1572,1284,1231,404,1227,1740,1330,1002,1980,1245
NM_006517,1,0,2,0,0,1,0,0,1,0,0,0
NM_006520,387,662,317,373,493,133,487,489,674,329,526,410
NM_006521,0,0,0,0,0,0,1,0,0,0,0,0
NM_006579,2650,2002,3065,1444,1469,1351,1470,1609,1890,1150,1718,1818
NM_006603,0,0,0,0,0,0,0,0,0,0,0,0
NM_006639,0,0,0,0,0,0,0,0,0,0,0,0
NM_006649,3,5,8,2,1,1,5,3,8,5,3,7
NM_006667,2,7,2,1,3,2,1,1,2,4,1,2
NM_006729,40,54,30,23,22,17,47,33,40,42,30,42
NM_006730,20,6,15,2,6,3,18,8,12,4,8,8
NM_006733,617,665,487,291,448,231,660,518,666,360,480,512
NM_006743,10079,16266,10290,7645,6756,3148,8011,9391,10254,6297,9022,10392
NM_006746,0,0,0,0,0,0,0,0,0,0,0,0
NM_006777,0,0,0,0,0,0,0,0,0,0,0,0
NM_006800,2,1,4,1,3,2,4,2,5,3,5,3
NM_006875,3424,4389,6505,9211,4392,2117,3587,3951,5311,3089,6378,4515
NM_006883,0,0,0,0,0,0,0,0,0,0,0,0
NM_006915,628,573,498,231,381,267,466,506,676,298,351,456
NM_006950,0,0,0,0,0,0,0,1,0,0,0,0
NM_006962,0,0,0,0,0,0,0,0,0,0,0,0
NM_006978,894,739,1066,702,550,400,778,612,728,462,847,674
NM_006986,0,0,0,0,0,0,0,0,0,0,0,0
NM_007003,0,0,0,0,1,0,0,0,0,0,0,0
NM_007052,0,0,0,0,0,0,0,0,0,0,0,0
NM_007075,2,2,4,3,4,0,1,3,11,0,0,3
NM_007130,1,1,0,0,1,0,0,1,0,1,0,0
NM_007131,80,56,44,12,34,17,72,36,51,27,52,33
NM_007137,423,385,191,109,169,161,315,160,411,187,228,226
NM_007150,0,0,0,0,0,0,0,0,0,0,0,0
NM_007156,117,150,109,67,74,50,142,86,105,62,150,111
NM_007157,352,396,366,211,286,154,356,283,278,187,395,336
NM_007213,201,224,334,268,174,126,317,127,166,122,200,146
NM_007220,108,137,125,66,54,49,98,80,75,67,99,91
NM_007231,0,3,0,0,0,0,0,0,1,0,10,0
NM_007250,15,10,9,0,6,5,8,3,7,2,2,9
NM_007268,0,0,0,0,0,0,0,0,0,0,0,0
NM_007309,1,1,1,0,0,0,1,1,2,2,0,0
NM_007325,0,0,0,0,0,0,0,0,1,0,0,0
NM_007363,0,0,0,0,0,0,0,0,0,0,0,0
NM_012069,0,0,0,0,0,0,0,0,0,0,0,0
NM_012080,0,0,0,0,0,0,0,0,0,0,0,0
NM_012084,277,217,212,82,117,90,163,120,188,115,187,211
NM_012151,1,220,251,177,350,70,374,248,385,205,102,145
NM_012196,0,0,0,0,0,0,0,0,0,0,0,0
NM_012216,0,0,0,0,0,0,0,0,0,0,0,0
NM_012227,1209,747,1385,1045,1500,342,1700,1248,1887,579,1233,1458
NM_012253,0,0,0,0,0,0,0,0,0,0,0,0
NM_012274,0,0,0,0,0,0,0,0,0,0,0,0
NM_012278,6,2,7,3,3,1,7,1,3,1,3,5
NM_012280,0,0,0,0,0,0,0,0,0,0,0,0
NM_012282,7,5,10,11,16,10,9,16,14,3,13,5
NM_012286,0,0,0,0,0,0,0,0,0,0,0,0
NM_012310,1879,1707,2026,691,999,805,1602,1383,1173,1071,1321,1451
NM_012317,3,2,6,19,37,0,82,6,2,14,1,2
NM_012471,0,1,0,1,0,2,3,0,1,0,1,0
NM_013239,208,150,194,259,161,75,240,55,289,91,79,226
NM_013271,1,0,0,4,2,0,2,1,0,0,2,2
NM_013346,0,0,0,0,0,0,0,0,0,0,0,0
NM_013347,3,3,7,1,5,2,8,6,3,4,2,1
NM_013364,0,0,0,0,0,0,0,0,0,0,0,0
NM_013423,1,0,0,0,1,1,0,0,0,0,0,0
NM_013427,0,0,0,0,0,0,0,0,0,0,0,0
NM_013444,1282,1428,1383,1118,1350,602,2044,1315,1956,1017,1278,1305
NM_013452,0,2,0,0,0,1,2,0,0,0,0,0
NM_013453,0,0,0,0,0,0,0,0,0,0,0,0
NM_013955,0,0,0,0,0,0,0,0,0,0,0,0
NM_013995,1354,1809,1298,1098,1411,517,1274,1381,1988,1115,1681,1397
NM_014008,871,671,1103,602,654,383,779,539,850,429,591,834
NM_014009,0,0,0,0,0,0,0,0,0,0,0,0
NM_014060,79,53,70,26,39,25,39,42,52,35,38,48
NM_014061,403,357,509,442,386,187,428,408,545,265,472,328
NM_014138,0,0,0,0,0,0,0,0,0,0,0,0
NM_014235,1058,918,1428,747,802,559,988,1004,1130,732,915,893
NM_014253,0,0,0,0,0,0,0,0,0,0,0,0
NM_014271,0,0,0,0,0,0,0,0,1,0,0,0
NM_014289,0,1,0,0,0,1,0,0,0,0,0,0
NM_014332,0,0,0,0,0,0,0,0,0,0,0,0
NM_014370,0,0,0,0,0,0,0,0,0,0,0,0
NM_014380,0,1,1,0,1,0,0,0,0,0,0,2
NM_014467,0,0,0,0,0,1,0,0,0,0,0,0
NM_014481,28,21,25,13,8,16,16,20,30,8,16,17
NM_014496,147,182,208,25,48,9,89,46,62,64,7,30
NM_014499,19,15,11,3,14,8,15,10,16,5,23,11
NM_014500,0,0,0,0,0,0,0,0,0,0,0,0
NM_014563,0,0,0,0,0,0,0,0,0,0,0,0
NM_014599,0,0,1,0,0,0,0,0,0,0,0,0
NM_014710,0,0,0,0,0,0,0,0,0,0,0,0
NM_014725,0,0,0,0,0,0,0,0,0,0,0,0
NM_014728,1,1,0,0,1,0,0,1,1,0,0,0
NM_014735,0,0,0,0,1,0,0,0,1,0,0,1
NM_014782,0,0,0,0,1,0,0,0,0,0,0,0
NM_014799,0,0,0,0,0,0,0,0,0,0,0,0
NM_014927,0,0,0,0,0,0,0,0,0,0,0,0
NM_015075,0,0,0,0,0,0,0,0,0,0,0,0
NM_015107,0,0,0,0,0,0,0,0,0,0,0,0
NM_015129,0,0,0,0,0,0,0,0,0,0,0,0
NM_015185,12,15,12,3,5,3,6,3,13,7,9,14
NM_015365,0,0,0,0,0,0,0,0,0,0,0,0
NM_015419,0,0,0,0,0,0,0,0,0,0,0,0
NM_015507,0,0,0,0,0,0,0,0,0,0,0,0
NM_015686,0,0,3,0,0,0,0,0,0,1,1,0
NM_015691,864,2430,3681,820,1046,910,2129,1266,835,1014,137,544
NM_015698,823,760,866,550,622,302,773,625,1107,443,600,634
NM_015884,624,824,557,319,408,286,595,470,724,416,590,553
NM_015922,0,0,0,0,0,0,0,0,0,0,0,0
NM_015975,652,1020,776,578,942,263,1019,823,1370,549,793,557
NM_016024,819,936,730,547,683,393,788,885,933,588,655,724
NM_016032,0,1,1,0,2,1,5,2,2,0,1,5
NM_016120,0,0,0,0,0,0,0,0,0,0,0,0
NM_016153,0,0,0,0,0,0,0,0,0,0,0,0
NM_016157,0,0,0,0,0,0,0,0,0,0,0,0
NM_016249,0,0,0,0,0,0,0,0,0,0,0,0
NM_016267,0,0,0,0,0,0,0,0,0,0,0,1
NM_016303,0,0,0,0,0,0,0,0,0,0,0,0
NM_016370,27,57,39,16,50,9,73,38,24,28,34,39
NM_016378,0,1,2,0,0,0,0,0,0,0,0,0
NM_016379,0,0,0,0,0,0,0,0,0,0,0,0
NM_016383,0,0,0,0,0,0,0,0,0,0,0,0
NM_016484,1029,798,989,495,753,337,828,653,956,537,722,684
NM_016500,2,1,1,0,2,0,2,2,1,1,1,0
NM_016521,0,3,0,0,0,1,0,0,0,0,0,0
NM_016542,0,0,0,0,0,0,0,0,0,0,0,0
NM_016562,2778,1592,2011,1200,2108,1398,2454,2794,3262,2144,1996,1452
NM_016607,0,0,0,0,0,0,0,0,0,0,0,0
NM_016608,97,91,8,52,84,7,68,48,200,30,57,133
NM_016610,0,0,0,0,0,0,0,0,0,0,0,0
NM_016656,1,5,1,0,2,0,7,1,5,0,0,0
NM_016937,2001,2824,1968,1102,1538,876,2825,1726,2574,1558,1578,2083
NM_016954,0,0,0,0,0,0,0,0,0,0,0,0
NM_017413,75,140,42,52,18,14,45,64,101,27,23,113
NM_017416,1,0,1,0,0,0,0,0,1,1,1,3
NM_017514,360,283,324,337,456,189,465,450,538,245,415,236
NM_017518,1,4,0,0,3,1,0,1,1,0,2,0
NM_017544,0,0,0,0,0,0,0,0,0,0,0,0
NM_017602,0,0,0,0,0,0,0,0,0,0,0,0
NM_017666,179,251,201,186,233,93,351,183,333,199,177,195
NM_017669,613,765,528,304,510,257,723,568,671,472,547,519
NM_017677,90,87,101,41,49,35,63,45,73,50,74,99
NM_017681,0,0,0,0,1,0,0,0,1,0,0,0
NM_017698,0,0,0,0,0,0,0,0,0,0,0,0
NM_017711,0,0,0,0,0,0,0,0,0,0,0,0
NM_017745,0,0,0,0,0,0,0,0,0,0,0,0
NM_017752,111,105,47,30,127,48,70,126,184,87,126,254
NM_017776,0,0,0,0,0,0,0,0,0,0,0,0
NM_017848,6,2,8,1,3,2,7,1,3,6,3,3
NM_017856,3,2,3,0,0,0,6,3,3,0,3,8
NM_017863,0,0,0,0,0,0,0,0,0,0,0,0
NM_017883,0,0,0,0,0,0,0,0,0,0,0,0
NM_017938,0,0,0,0,0,0,0,0,0,0,0,0
NM_018015,9,21,8,5,6,7,11,7,26,7,9,28
NM_018094,648,560,650,408,543,276,577,482,656,402,667,474
NM_018159,0,0,1,1,1,0,0,2,0,0,1,0
NM_018196,0,1,1,0,1,1,3,1,0,0,0,1
NM_018301,100,134,59,32,69,36,140,55,115,55,64,56
NM_018360,45,75,73,25,51,35,70,52,69,50,48,67
NM_018388,0,0,0,0,0,0,0,0,0,0,0,0
NM_018390,2086,1467,1661,774,388,1102,1535,393,875,488,767,1262
NM_018466,0,0,0,0,0,0,0,0,0,0,0,0
NM_018476,0,0,1,1,0,0,0,0,0,0,0,7
NM_018486,0,0,0,0,0,0,0,0,0,0,0,0
NM_018558,9,0,0,0,1,2,7,0,1,1,19,2
NM_018666,0,0,0,0,0,0,0,0,0,8,0,0
NM_018684,0,0,0,0,0,0,0,0,0,0,0,0
NM_018698,0,0,0,0,0,0,0,0,0,0,0,0
NM_018969,0,3,1,0,3,0,2,0,0,0,1,3
NM_018977,0,0,0,0,0,0,0,0,0,0,0,0
NM_018990,10006,7383,10953,6558,6541,3906,9079,5435,12198,5604,7997,7872
NM_019003,1,0,0,4,0,0,6,0,1,0,4,4
NM_019007,0,0,0,0,0,0,0,0,0,0,0,0
NM_019045,0,0,0,0,0,0,0,0,0,0,0,0
NM_019056,0,0,0,0,0,0,1,0,0,0,0,0
NM_019067,0,0,0,0,0,0,0,0,0,0,0,0
NM_019117,0,0,0,0,0,0,0,0,0,0,0,0
NM_019556,3,1,1,0,1,0,0,1,5,0,1,0
NM_019597,0,0,0,0,0,0,0,0,0,0,0,0
NM_019848,0,0,0,0,3,0,0,2,0,0,1,1
NM_019857,0,0,1,0,1,1,1,1,2,1,2,1
NM_019863,0,0,0,1,0,0,0,1,0,0,0,0
NM_019886,198,140,194,174,264,90,362,293,252,116,243,329
NM_020061,0,0,0,0,0,0,0,0,0,0,0,0
NM_020137,2568,1677,2250,1263,1609,826,2043,1355,2194,1201,1797,1455
NM_020384,0,0,0,0,0,0,0,0,0,0,0,0
NM_020473,0,0,0,0,0,0,0,0,0,0,0,0
NM_020665,6,3,8,2,5,10,5,8,6,0,3,11
NM_020717,2,0,0,0,0,0,0,1,0,0,0,0
NM_020721,1,0,1,3,0,0,0,0,0,0,0,0
NM_020730,0,0,1,0,0,0,2,1,1,0,1,0
NM_020742,0,0,0,0,0,0,0,0,0,0,0,0
NM_020766,0,0,0,0,0,0,0,0,0,0,0,0
NM_020769,33,4,7,2,3,4,2,3,2,3,2,7
NM_020871,0,0,0,0,0,0,0,0,0,0,0,0
NM_020922,0,0,0,0,0,0,0,0,0,0,0,0
NM_020932,82,77,93,31,38,55,105,14,46,39,54,70
NM_020994,0,0,0,0,0,0,0,0,0,0,0,0
NM_021014,0,0,0,0,0,1,0,0,0,0,0,0
NM_021015,0,0,0,0,0,0,0,0,0,0,0,0
NM_021029,10,7,12,10,14,3,14,15,20,7,10,7
NM_021048,0,0,0,0,0,0,0,0,0,0,0,0
NM_021049,0,0,0,0,0,0,0,0,0,0,0,0
NM_021083,0,2,1,0,2,1,1,1,1,2,7,1
NM_021109,227420,222865,306165,121444,186522,111346,181585,155068,240904,139667,163851,142063
NM_021118,0,0,0,0,0,0,0,0,0,0,0,1
NM_021120,1,0,0,0,0,0,0,0,0,0,1,1
NM_021123,0,0,0,0,0,0,0,0,0,0,0,0
NM_021140,0,0,0,0,0,0,0,0,0,0,0,0
NM_021183,0,0,0,0,0,0,0,0,0,0,0,0
NM_021242,214,148,215,77,127,55,196,103,184,105,73,98
NM_021637,0,0,0,0,0,0,0,0,0,0,0,0
NM_021783,1,0,0,0,0,0,0,0,0,0,0,0
NM_021785,0,0,0,0,0,0,0,0,0,0,0,0
NM_021796,0,0,0,0,0,0,0,0,0,0,0,0
NM_021804,0,0,2,0,0,2,0,0,1,1,0,0
NM_021806,0,0,0,0,0,0,0,0,0,0,0,0
NM_021946,0,0,0,0,0,0,0,0,0,0,0,0
NM_021949,0,0,0,0,0,0,0,0,0,0,0,0
NM_021963,214,122,123,32,129,63,45,76,97,55,71,117
NM_021992,0,0,2,0,2,0,0,2,5,5,3,1
NM_021998,202,115,191,81,138,66,79,88,175,77,155,112
NM_022052,0,0,0,0,0,0,0,0,0,0,0,0
NM_022053,0,0,0,0,0,0,0,0,0,0,0,0
NM_022076,0,0,0,0,0,0,0,0,0,0,0,0
NM_022101,0,0,0,0,0,0,0,0,0,0,0,0
NM_022117,800,828,859,622,674,231,947,581,951,445,811,715
NM_022144,0,0,0,0,0,0,0,0,0,0,0,0
NM_022148,0,0,0,0,0,0,0,0,0,0,0,0
NM_022368,0,0,0,0,0,0,0,0,0,0,0,0
NM_022567,0,1,10,1,3,1,0,1,2,1,1,2
NM_022661,0,0,0,0,0,0,0,0,0,0,0,0
NM_022825,0,0,0,0,0,0,0,0,0,0,0,0
NM_022838,0,0,0,0,0,0,0,0,0,0,0,0
NM_022977,20,20,12,6,9,5,28,6,25,10,20,8
NM_023010,0,0,0,0,0,0,0,0,0,0,0,0
NM_023934,1778,1727,2439,1517,1548,1070,1935,1803,2520,1244,1250,1429
NM_024003,0,0,0,0,0,0,0,0,0,0,0,0
NM_024082,0,0,0,0,0,0,0,0,0,0,0,0
NM_024087,0,0,0,0,0,0,0,0,0,0,0,0
NM_024122,0,1,0,0,2,0,0,1,1,0,1,0
NM_024332,1,0,1,0,0,0,2,1,1,0,1,1
NM_024528,488,662,480,554,636,208,653,667,726,363,653,622
NM_024539,0,0,0,0,0,0,0,0,0,0,0,0
NM_024597,0,0,0,0,0,0,0,0,0,0,0,0
NM_024657,0,0,0,0,0,0,0,0,0,0,0,0
NM_024689,0,0,0,0,0,0,0,0,0,0,0,0
NM_024778,0,0,0,0,0,0,0,0,0,0,0,0
NM_024859,0,2,0,0,1,0,2,0,0,0,0,0
NM_024863,0,0,0,0,0,0,0,0,0,0,0,0
NM_024885,0,0,0,0,0,0,0,0,1,0,1,0
NM_024917,10,5,10,1,1,4,10,3,8,3,3,3
NM_024921,9,20,22,4,34,7,0,12,13,1,73,21
NM_025159,1367,1465,2565,547,1223,630,2069,1342,1021,1582,1250,1132
NM_025184,1,21,3,0,4,2,14,4,5,9,1,2
NM_030624,844,885,583,273,480,277,659,586,672,486,562,669
NM_030639,0,0,0,0,0,0,0,0,0,0,0,0
NM_030763,613,756,745,341,904,397,1182,887,625,864,819,685
NM_030801,0,0,0,0,0,0,0,0,0,0,0,0
NM_031206,3,7,4,1,2,1,3,2,3,0,3,3
NM_031273,1,0,1,0,0,0,0,0,0,0,0,0
NM_031274,0,0,0,0,0,0,0,0,0,0,0,0
NM_031276,0,0,0,0,0,0,0,0,0,0,0,0
NM_031407,21860,21015,19646,10753,13801,8981,23383,11227,26104,15246,13296,17701
NM_031442,0,0,0,0,0,0,0,0,0,0,0,0
NM_031462,0,0,0,0,0,0,0,0,0,0,0,0
NM_031892,144,132,123,115,378,67,637,341,187,81,275,485
NM_031894,0,0,0,0,0,0,0,0,0,0,0,0
NM_031907,0,0,0,0,0,0,0,0,0,0,1,0
NM_032121,4054,3588,3652,2341,3022,1351,2905,3357,3213,2007,4941,2867
NM_032227,84,24,39,17,18,20,30,18,40,25,14,37
NM_032335,0,1,0,0,0,0,1,1,1,0,0,1
NM_032417,0,0,0,0,0,0,0,0,0,0,0,0
NM_032428,1,0,2,0,11,1,1,1,1,1,0,1
NM_032458,18,18,11,3,6,14,11,7,18,7,10,12
NM_032461,2,1,0,0,0,0,0,0,0,0,0,0
NM_032498,0,0,0,0,0,0,0,0,0,0,0,0
NM_032508,0,0,0,0,0,0,0,0,0,0,0,0
NM_032512,0,0,0,0,0,0,0,0,0,0,0,0
NM_032539,0,0,0,0,0,0,0,0,0,0,0,0
NM_032553,346,312,336,86,181,77,400,153,228,258,385,213
NM_032591,0,0,0,1,0,0,0,0,0,0,0,0
NM_032621,0,0,0,0,0,0,0,0,0,0,0,0
NM_032796,0,0,0,0,0,1,0,0,0,0,0,0
NM_032803,0,0,0,0,0,0,0,0,0,0,0,0
NM_032882,1,0,4,0,4,0,0,3,2,0,3,3
NM_032926,0,0,0,0,0,0,0,0,0,0,0,0
NM_032946,0,0,0,0,0,0,0,0,0,0,0,0
NM_032968,0,0,0,0,0,0,0,0,0,0,0,0
NM_032969,0,0,0,0,0,0,0,0,0,0,0,0
NM_033018,14,14,21,12,17,8,24,11,29,13,15,14
NM_033031,11,14,3,3,3,3,6,4,9,2,14,7
NM_033048,0,0,0,0,0,0,0,0,0,0,0,0
NM_033053,0,0,0,0,0,0,0,0,0,0,0,0
NM_033085,0,0,0,0,0,0,0,0,0,0,0,0
NM_033215,4,5,6,26,38,1,71,26,31,1,34,31
NM_033289,0,0,0,0,0,0,0,0,0,0,0,0
NM_033290,0,0,0,0,0,0,0,0,0,0,0,0
NM_033380,0,0,0,0,0,0,0,0,0,0,0,0
NM_033495,0,0,0,0,0,0,0,0,0,0,0,0
NM_033518,1523,1208,2333,1631,1538,856,1995,1432,2007,834,1561,1336
NM_033626,0,0,0,0,0,0,0,0,0,0,0,0
NM_033641,0,0,0,0,0,0,0,0,0,0,0,0
NM_033642,0,0,0,0,0,0,0,0,0,0,0,0
NM_033670,0,0,0,0,0,0,0,0,0,0,0,0
NM_052817,0,0,0,0,0,0,0,0,0,0,0,0
NM_052926,0,0,0,0,0,0,0,0,0,0,0,0
NM_052936,10,4,9,0,7,2,6,2,12,3,10,5
NM_052957,75,55,78,44,59,25,75,45,71,29,60,32
NM_053281,0,0,0,0,0,0,0,0,0,0,0,0
NM_054021,0,0,0,0,0,0,0,0,1,0,0,0
NM_057162,0,0,0,0,0,0,0,0,0,0,0,0
NM_058163,1592,1109,1807,888,1190,566,1220,1000,1390,919,1055,973
NM_078628,365,705,802,584,427,179,1008,452,862,737,812,625
NM_078629,0,0,0,0,0,0,0,0,0,0,0,0
NM_080390,7,14,39,9,2,1,8,9,52,6,0,16
NM_080612,0,0,0,0,0,0,0,0,0,0,0,0
NM_080632,1,2,0,0,1,0,1,0,1,0,0,0
NM_080701,10,3,8,12,9,1,20,7,7,4,8,5
NM_080720,0,0,0,0,0,0,0,0,0,0,0,0
NM_080737,0,0,0,0,0,0,0,0,0,0,0,0
NM_080817,97,23,56,16,62,24,62,41,79,19,15,7
NM_080832,0,0,0,0,0,0,0,0,0,0,0,0
NM_080873,0,0,0,0,0,0,0,0,0,0,0,0
NM_080879,17,21,13,11,8,5,18,8,26,8,8,18
NM_130388,0,2,0,1,3,2,2,2,1,4,1,1
NM_130467,0,0,0,0,0,0,0,0,0,0,0,0
NM_130775,0,0,0,0,0,0,0,0,0,0,0,0
NM_130776,0,0,0,0,0,0,0,0,0,0,0,0
NM_130777,0,0,0,0,0,0,0,0,0,0,0,0
NM_133179,0,0,0,0,0,0,0,0,0,0,0,0
NM_133265,35,27,15,0,3,9,16,21,2,1,21,30
NM_133486,0,0,0,0,0,0,2,1,0,0,0,0
NM_133499,0,0,0,0,0,0,0,0,0,0,0,0
NM_134445,0,0,0,0,0,0,0,0,0,0,0,0
NM_134446,0,0,0,0,0,0,0,0,0,0,0,0
NM_138270,0,0,0,0,0,0,0,0,0,0,0,0
NM_138289,0,0,0,0,0,0,0,0,0,0,0,0
NM_138362,0,0,0,0,0,0,0,0,0,0,0,0
NM_138382,0,0,0,0,0,0,0,0,0,0,0,0
NM_138437,0,0,0,0,0,0,0,0,0,0,0,0
NM_138636,0,0,0,0,0,0,0,0,0,0,0,0
NM_138702,0,0,0,0,0,0,0,0,0,0,0,0
NM_138703,0,0,0,1,0,0,0,0,0,0,0,0
NM_138737,3,1,0,0,0,0,0,0,0,0,0,2
NM_138780,0,0,0,0,0,0,0,0,0,0,0,0
NM_138819,0,2,1,0,2,1,1,0,1,0,0,0
NM_138923,0,0,0,0,0,0,0,0,0,0,0,0
NM_138960,0,0,0,0,0,0,0,0,0,0,0,0
NM_139058,1,0,3,1,2,0,1,1,1,0,1,2
NM_139250,0,0,0,0,0,0,0,0,0,0,0,0
NM_139282,1,5,1,3,1,1,3,0,1,1,0,1
NM_139289,0,0,0,0,0,0,0,0,0,0,0,0
NM_144495,0,0,0,0,0,0,0,0,0,0,0,0
NM_144657,0,0,0,0,0,0,0,0,0,0,0,0
NM_144658,1972,2200,1359,815,1364,887,2202,1478,1514,1327,1553,1587
NM_144967,0,0,0,0,0,0,0,0,0,0,0,0
NM_144968,0,2,0,0,0,0,1,0,0,1,0,1
NM_144969,0,0,0,0,0,0,0,0,0,0,0,0
NM_144970,1460,1495,1953,921,961,746,1489,1200,1779,1302,1259,1813
NM_145052,0,0,0,0,0,0,0,0,0,0,0,0
NM_145119,0,0,0,0,0,0,0,0,0,0,0,0
NM_145177,529,397,405,438,335,191,440,387,547,291,349,304
NM_145234,0,0,0,0,0,0,0,0,0,0,0,0
NM_145284,0,0,0,0,0,0,0,0,0,0,0,0
NM_145305,488,622,438,390,520,208,836,532,643,459,642,532
NM_145662,0,0,0,0,0,0,0,0,0,0,0,0
NM_145799,2990,3559,6306,2584,2150,1891,4188,2036,2477,2858,2375,2809
NM_145800,0,0,0,0,0,0,0,0,0,0,0,0
NM_145802,0,0,0,0,0,0,0,0,0,0,0,0
NM_145812,0,0,0,0,1,0,0,1,2,0,0,0
NM_147175,0,0,0,0,0,0,0,0,0,0,0,0
NM_152224,0,0,0,0,0,0,0,0,0,0,0,0
NM_152226,0,0,0,0,0,0,0,0,0,0,0,0
NM_152274,0,0,0,0,0,0,2,0,1,0,0,0
NM_152278,4,1,0,0,1,0,0,0,0,0,0,0
NM_152423,0,0,0,0,0,0,0,0,0,0,0,0
NM_152424,839,733,770,399,485,264,842,439,1002,605,488,587
NM_152577,0,0,0,0,0,0,0,0,0,0,0,0
NM_152578,0,0,1,1,1,0,0,0,0,0,0,0
NM_152581,19,12,12,6,6,5,9,8,12,7,4,8
NM_152582,0,0,0,0,0,0,0,0,0,0,0,0
NM_152630,0,0,0,0,0,0,0,0,0,0,0,0
NM_152631,0,0,0,0,0,0,0,0,0,0,0,0
NM_152632,0,0,0,0,0,0,0,0,0,0,0,0
NM_152633,0,0,0,0,0,0,0,0,0,0,0,0
NM_152634,0,0,0,2,0,0,1,0,0,0,1,0
NM_152692,1,4,1,0,0,0,3,1,2,1,2,0
NM_152694,4,6,3,1,0,3,4,3,9,6,2,0
NM_152695,97,115,65,50,60,29,118,70,103,47,89,59
NM_152761,0,0,0,0,0,0,0,0,0,0,0,0
NM_152780,0,0,0,0,0,0,0,0,0,0,0,0
NM_152787,1294,1441,887,534,857,454,1346,889,1455,807,1117,1017
NM_152856,0,0,0,0,0,0,0,0,0,0,0,0
NM_152869,0,0,0,0,0,0,0,0,0,0,0,0
NM_153183,0,0,0,0,0,0,0,0,0,0,0,0
NM_153252,1366,1673,1112,582,750,589,1378,892,1533,893,1048,1095
NM_153270,0,12,0,0,2,0,6,5,22,2,27,3
NM_153280,6,8,2,0,3,4,4,4,4,1,4,4
NM_153333,1,0,2,0,0,0,0,0,1,0,0,0
NM_153346,0,0,0,0,0,0,0,0,0,0,0,0
NM_153380,0,0,0,0,0,0,0,0,0,0,0,0
NM_153448,0,0,0,0,0,0,0,0,0,0,0,0
NM_153477,0,0,0,0,0,0,0,0,0,0,0,0
NM_153478,0,0,0,0,0,0,0,0,0,0,0,0
NM_153488,0,0,0,0,0,0,0,0,0,0,0,0
NM_153834,0,0,0,0,0,0,0,0,0,0,0,0
NM_170750,0,0,0,0,0,0,0,0,0,0,0,0
NM_171998,402,376,436,347,329,146,418,341,395,257,630,414
NM_172245,0,0,0,0,0,0,0,0,0,0,0,0
NM_172246,0,0,0,0,0,0,0,0,0,0,0,0
NM_172247,0,0,0,0,0,0,0,0,0,0,0,0
NM_172249,0,0,0,0,0,0,0,0,0,0,0,0
NM_172377,0,0,0,0,0,0,0,0,0,0,0,0
NM_173078,0,0,0,0,0,0,0,0,0,0,0,0
NM_173358,0,0,0,0,0,0,0,0,0,0,0,0
NM_173470,907,1035,849,812,882,410,994,952,1142,679,888,766
NM_173493,0,0,0,0,0,0,0,1,0,0,0,0
NM_173494,0,0,0,0,0,0,0,0,0,0,0,0
NM_173495,0,0,0,0,0,0,0,0,0,0,0,1
NM_173523,0,0,0,0,0,0,0,0,0,0,0,0
NM_173571,0,0,0,0,0,0,0,0,0,0,0,0
NM_173694,6,5,3,0,1,2,5,0,6,2,1,3
NM_173698,0,0,0,0,0,0,0,0,0,0,0,0
NM_173699,0,0,0,0,0,0,0,0,0,0,0,0
NM_173794,364,466,482,278,320,152,445,394,511,309,339,465
NM_173798,0,0,0,0,0,0,0,0,0,0,0,0
NM_173834,3,1,0,0,0,3,2,0,1,1,2,2
NM_174869,8,9,11,8,7,1,15,6,7,1,5,7
NM_174901,2,2,6,2,2,3,2,2,5,2,3,1
NM_174912,79,158,87,36,21,47,51,55,79,40,113,146
NM_174951,0,0,0,0,0,0,0,0,0,0,0,0
NM_175569,0,0,0,0,0,0,0,0,0,0,0,0
NM_175698,0,0,0,0,0,0,0,0,0,0,0,0
NM_175723,0,0,0,0,0,0,0,0,0,0,0,0
NM_175729,0,0,0,0,0,0,0,0,0,0,0,0
NM_175742,0,0,0,0,0,0,0,0,0,0,0,0
NM_175743,0,0,0,0,0,0,0,0,0,0,0,0
NM_175859,2,3,1,13,23,1,23,14,17,6,12,14
NM_175868,0,0,0,0,0,0,0,0,0,0,0,0
NM_176786,5,2,1,0,0,2,0,0,1,0,1,2
NM_176819,2,0,0,0,0,0,0,0,0,0,0,0
NM_177404,0,0,0,0,0,0,0,0,0,0,0,0
NM_177415,0,0,0,0,0,0,0,0,0,0,0,0
NM_177433,0,0,0,0,0,0,0,0,0,0,0,0
NM_177439,1,0,0,0,1,0,2,0,1,0,0,1
NM_177456,0,0,0,0,0,0,0,0,0,0,0,0
NM_177535,0,0,0,0,0,0,0,0,0,0,0,0
NM_177537,0,0,0,0,0,0,0,0,0,0,0,0
NM_177556,0,0,0,0,0,0,0,0,0,0,0,0
NM_177557,0,0,0,0,0,0,0,0,0,0,0,0
NM_177947,0,0,0,0,0,0,0,0,0,0,0,0
NM_177948,4,5,5,1,2,2,5,1,10,1,5,3
NM_177949,0,0,1,0,0,0,0,0,0,0,0,0
NM_178124,0,0,0,0,0,0,0,0,0,0,0,0
NM_178129,5781,4009,5467,2779,3599,1945,3684,3403,3288,2134,3963,3614
NM_178151,0,0,0,0,0,0,0,0,0,0,0,0
NM_178152,0,0,0,0,0,0,0,0,0,0,0,0
NM_178153,0,0,0,0,0,0,0,0,0,0,0,0
NM_178175,86,66,34,11,47,11,68,52,89,23,39,35
NM_178270,0,0,0,0,0,0,0,0,0,0,0,0
NM_178470,0,0,0,0,0,0,0,0,0,0,0,0
NM_178471,1,0,0,0,0,0,0,0,0,0,0,0
NM_178813,0,0,0,0,0,0,0,0,0,0,0,0
NM_181303,0,0,1,0,0,0,0,0,1,0,0,0
NM_181311,0,0,0,0,0,0,0,0,0,0,0,0
NM_181312,0,0,0,0,0,0,0,0,0,0,0,0
NM_181313,0,0,0,0,0,0,0,0,0,0,0,0
NM_181332,0,0,0,0,0,0,0,0,0,0,0,0
NM_181532,1,0,1,0,0,0,0,0,0,0,0,0
NM_181672,0,0,0,0,1,0,0,0,0,0,0,0
NM_181673,0,0,0,0,0,0,0,0,0,0,0,0
NM_181762,0,0,0,0,0,0,0,0,0,0,0,0
NM_182314,0,0,0,0,0,0,0,0,0,0,0,0
NM_182506,0,0,0,0,0,0,0,0,0,0,0,0
NM_182540,1276,984,1013,545,776,456,1003,767,860,509,1149,749
NM_182541,1,0,0,0,0,0,2,0,0,0,0,1
NM_182607,0,0,0,0,0,0,0,0,0,0,0,0
NM_182680,0,0,0,0,0,0,1,0,0,0,0,0
NM_182681,0,0,0,0,0,0,0,0,0,0,0,0
NM_182699,0,0,0,0,0,0,0,0,0,0,0,0
NM_183353,0,0,0,0,0,0,0,0,0,0,0,0
NM_194277,0,0,0,0,0,0,0,0,0,0,0,0
NM_194324,0,0,2,0,0,0,1,0,0,0,0,0
NM_194463,0,0,0,0,0,0,0,0,1,1,0,0
NM_198057,4,4,2,3,9,0,9,11,11,10,16,7
NM_198270,0,0,0,0,0,0,0,0,0,0,0,0
NM_198279,258,389,222,134,221,92,404,189,283,164,243,200
NM_198333,0,0,0,0,0,0,0,0,0,0,0,0
NM_198450,878,1162,701,528,567,363,973,538,850,585,604,834
NM_198451,0,0,0,0,0,0,0,0,1,0,0,0
NM_198456,25,39,45,19,20,15,37,13,40,21,25,21
NM_198465,0,0,1,0,0,0,0,0,0,0,0,0
NM_198510,0,0,0,0,0,0,0,0,0,0,0,0
NM_198511,0,0,0,0,0,0,0,0,0,0,0,0
NM_198512,8,5,11,2,5,0,12,5,1,19,8,8
NM_198881,5,1,3,0,3,1,2,5,1,1,7,2
NM_199478,0,0,0,0,0,0,0,0,0,0,0,0
NM_201222,4,6,4,0,3,1,2,6,5,1,1,2
NM_201286,88,96,86,43,94,24,152,83,157,91,48,64
NM_201599,4,1,0,0,2,0,1,1,0,0,1,0
NM_203281,0,0,0,0,0,0,0,0,0,0,0,0
NM_203303,0,0,0,0,0,0,0,0,0,0,0,0
NM_203391,0,0,0,0,0,0,0,0,0,0,0,0
NM_203407,0,0,0,0,0,0,0,0,0,0,0,0
NM_203408,0,0,0,0,0,0,0,0,0,0,0,0
NM_203473,0,0,0,0,0,0,0,0,0,0,0,0
NM_203474,0,0,0,0,0,0,0,0,0,0,0,0
NM_203475,0,0,0,0,0,0,0,0,0,0,0,0
NM_205833,0,0,0,0,0,0,0,0,0,0,0,0
NM_205849,0,0,0,0,0,0,0,0,0,0,0,0
NM_205856,0,0,1,0,0,0,0,1,0,1,0,0
NM_206915,0,0,0,0,0,0,0,0,0,0,0,0
NM_206917,0,0,0,0,0,0,0,0,0,0,0,0
NM_206923,69,53,43,34,50,23,86,40,88,22,69,38
NM_207318,1341,1803,1220,687,1046,571,1224,1180,1488,817,1384,1183
NM_207320,0,0,0,0,0,0,0,0,0,0,0,0
NM_207339,0,0,0,2,0,0,0,0,0,0,1,0
NM_207422,109,233,258,103,109,98,124,310,229,185,263,308
NM_212559,16,19,42,2,2,3,6,6,3,2,7,2
